﻿item_number,item,type,Group,prog,prev_image,next_image,height,goal,video_frames,video_name,video_link,mask_link
1,vase,critical,A,25,vase15.jpg,vase35.jpg,low ,Adam wants to put flowers in this vase.,21;5,vase25.mp4,//video.wixstatic.com/video/7cb05b_9599739960c14947a96d025f7919876b/144p/mp4/file.mp4,//static.wixstatic.com/media/7cb05b_fd988ff5f88d40989f8087f32b511142~mv2.jpg
2,door,critical,A,50,door40.jpg,door60.jpg,high,Matthew needs to carry a sofa into the next room.,21;5,door50.mp4,//video.wixstatic.com/video/7cb05b_dcd8f00777a24faa984bd3d63a0e3212/360p/mp4/file.mp4,//static.wixstatic.com/media/7cb05b_4ba5dd54f1a74b07b346f0cf013162d0~mv2.png
3,clean,critical,A,75,clean65.jpg,clean85.jpg,low ,Grace wants make a bit more space on her desk.,21;5,clean75.mp4,//video.wixstatic.com/video/7cb05b_c1ba5b27a9ea462cb210e27f7a145c7e/144p/mp4/file.mp4,//static.wixstatic.com/media/7cb05b_a828b9ca5fe24cc39fbfa3a65f4a1a66~mv2.png
4,candy,critical,A,25,candy15.jpg,candy35.jpg,high,Mary wants a big snack.,21;5,candy25.mp4,//video.wixstatic.com/video/7cb05b_b50614592c1547629d54eeeda550adae/144p/mp4/file.mp4,//static.wixstatic.com/media/7cb05b_5101039d01494071ae4f3dea883a268b~mv2.png
5,book,critical,A,50,book40.jpg,book60.jpg,low ,Alex wants to decide whether or not he likes the introduction.,21;5,book50.mp4,//video.wixstatic.com/video/7cb05b_9ca6619cfd454522accc8f2494873528/144p/mp4/file.mp4,//static.wixstatic.com/media/7cb05b_fd988ff5f88d40989f8087f32b511142~mv2.jpg
6,flower,critical,A,75,flower65.jpg,flower85.jpg,high,Sam wants to make a blue flower for her friend.,21;5,flower75.mp4,//video.wixstatic.com/video/7cb05b_95f777d6ed604ed8b1dd1ef38dc6cc94/144p/mp4/file.mp4,//static.wixstatic.com/media/7cb05b_4ba5dd54f1a74b07b346f0cf013162d0~mv2.png
7,stack,critical,A,25,stack15.jpg,stack35.jpg,low ,George needs a platform for his doll to sit on.,21;5,stack25.mp4,//video.wixstatic.com/video/7cb05b_8008e8bdf8b546e3b93d673605c8c4c7/144p/mp4/file.mp4,//static.wixstatic.com/media/7cb05b_a828b9ca5fe24cc39fbfa3a65f4a1a66~mv2.png
8,cucumber,critical,A,50,cucumber42.jpg,cucumber60.jpg,high,Luna needs to make a cucumber salad for the family dinner.,33;3,cucumber50.mp4,//video.wixstatic.com/video/7cb05b_c22f614071f64858a24d200d324da418/144p/mp4/file.mp4,//static.wixstatic.com/media/7cb05b_5101039d01494071ae4f3dea883a268b~mv2.png
9,cake,critical,A,75,cake66.jpg,cake84.jpg,low ,Amy wants to watch her calories.,33;3,cake75.mp4,//video.wixstatic.com/video/7cb05b_b36236eeceab45f694181c7c82858606/144p/mp4/file.mp4,//static.wixstatic.com/media/7cb05b_fd988ff5f88d40989f8087f32b511142~mv2.jpg
10,train,critical,A,25,train15.jpg,train35.jpg,high,Tom wants the train to fall off the table.,21;5,train25.mp4,//video.wixstatic.com/video/7cb05b_8e58129c115249828969656ee129229b/144p/mp4/file.mp4,//static.wixstatic.com/media/7cb05b_4ba5dd54f1a74b07b346f0cf013162d0~mv2.png
11,beads,critical,A,50,beads40.jpg,beads60.jpg,low ,Julia needs to see if the string is thin enough for the beads.,21;5,beads50.mp4,//video.wixstatic.com/video/7cb05b_dad057b735a0434f8a5837608d065948/144p/mp4/file.mp4,//static.wixstatic.com/media/7cb05b_a828b9ca5fe24cc39fbfa3a65f4a1a66~mv2.png
12,erase,critical,A,75,erase66.jpg,erase84.jpg,high,Nate needs to draw a forest on the whiteboard.,21;5,erase75.mp4,//video.wixstatic.com/video/7cb05b_b7dbef34cead419e84f81383ea185755/144p/mp4/file.mp4,//static.wixstatic.com/media/7cb05b_5101039d01494071ae4f3dea883a268b~mv2.png
13,mix,critical,A,25,mix15.jpg,mix35.jpg,low ,Frank needs to make an ombre design. ,21;5,mix25.mp4,//video.wixstatic.com/video/7cb05b_df4080d23cf1455c83afba4febf55e01/144p/mp4/file.mp4,//static.wixstatic.com/media/7cb05b_fd988ff5f88d40989f8087f32b511142~mv2.jpg
14,cover,critical,A,50,cover42.jpg,cover60.jpg,high,Eve wants to hide the stuffed animal.,21;5,cover50.mp4,//video.wixstatic.com/video/7cb05b_1ad91a726f3441f7b0f49c49d4413cbc/144p/mp4/file.mp4,//static.wixstatic.com/media/7cb05b_4ba5dd54f1a74b07b346f0cf013162d0~mv2.png
15,zip,critical,A,75,zip65.jpg,zip85.jpg,low ,Isaac needs to slip his pencil into the bag,21;5,zip75.mp4,//video.wixstatic.com/video/7cb05b_0d486ff48c194ff9acce37c789aeb4a1/144p/mp4/file.mp4,//static.wixstatic.com/media/7cb05b_a828b9ca5fe24cc39fbfa3a65f4a1a66~mv2.png
16,blinds,critical,A,25,blinds15.jpg,blinds33.jpg,high,Cara wants to make the room less claustrophobic.,21;5,blinds25.mp4,//video.wixstatic.com/video/7cb05b_b93255746a134a00b376c63819b666f9/144p/mp4/file.mp4,//static.wixstatic.com/media/7cb05b_5101039d01494071ae4f3dea883a268b~mv2.png
17,roll,critical,A,50,roll40.jpg,roll60.jpg,low ,Ethan needs to see if the towel has a design.,21;5,roll50.mp4,//video.wixstatic.com/video/7cb05b_1bce08b4590b4220a55345806c13dcf8/360p/mp4/file.mp4,//static.wixstatic.com/media/7cb05b_fd988ff5f88d40989f8087f32b511142~mv2.jpg
18,ball,critical,A,75,ball65.jpg,ball85.jpg,high,Max wants to hide the ball.,21;5,ball75.mp4,//video.wixstatic.com/video/7cb05b_48bac5b998dd4e9ebf4f4ca9e463b61f/144p/mp4/file.mp4,//static.wixstatic.com/media/7cb05b_4ba5dd54f1a74b07b346f0cf013162d0~mv2.png
19,cup,filler,A,25,cup15.jpg,cup35.jpg,GoalA,Henry wants to make a cup.,21;5,cup25.mp4,//video.wixstatic.com/video/7cb05b_93f96d3577194ada8f966b65a511ba6e/144p/mp4/file.mp4,//static.wixstatic.com/media/7cb05b_a828b9ca5fe24cc39fbfa3a65f4a1a66~mv2.png
20,cat,filler,A,50,cat40.jpg,cat60.jpg,GoalB,Dan needs to draw a dog.,21;5,cat50.mp4,//video.wixstatic.com/video/7cb05b_f64416f16b294d35b34b492c0dc6422f/144p/mp4/file.mp4,//static.wixstatic.com/media/7cb05b_5101039d01494071ae4f3dea883a268b~mv2.png
21,visit,filler,A,75,visit65.jpg,visit85.jpg,GoalA,Zoe wants the frog to visit the house.,21;5,visit75.mp4,//video.wixstatic.com/video/7cb05b_653ce6d3890c41b780dc5ddb6f0057ff/144p/mp4/file.mp4,//static.wixstatic.com/media/7cb05b_fd988ff5f88d40989f8087f32b511142~mv2.jpg
22,wall,filler,A,25,wall15.jpg,wall35.jpg,GoalB,Lisa needs to build a bridge,21;5,wall25.mp4,//video.wixstatic.com/video/7cb05b_9e0b904ee8f6483fb00cf202e1d51717/144p/mp4/file.mp4,//static.wixstatic.com/media/7cb05b_4ba5dd54f1a74b07b346f0cf013162d0~mv2.png
23,color,filler,A,50,color40.jpg,color60.jpg,GoalA,Susie needs to color the boat red.,21;5,color50.mp4,//video.wixstatic.com/video/7cb05b_731d5e043d084e6fbdca255e5ecfa264/144p/mp4/file.mp4,//static.wixstatic.com/media/7cb05b_a828b9ca5fe24cc39fbfa3a65f4a1a66~mv2.png
24,match,filler,A,75,match65.jpg,match85.jpg,GoalB,Paul needs to match the pieces of the giraffe together,21;5,match75.mp4,//video.wixstatic.com/video/7cb05b_01f2598378a54c6696ad55df44a6cc1e/144p/mp4/file.mp4,//static.wixstatic.com/media/7cb05b_5101039d01494071ae4f3dea883a268b~mv2.png
25,house,filler,A,25,house15.jpg,house35.jpg,GoalA,Robert wants to draw a house.,21;5,house25.mp4,//video.wixstatic.com/video/7cb05b_1f5436e836a542fe878e14e056bb739c/144p/mp4/file.mp4,//static.wixstatic.com/media/7cb05b_fd988ff5f88d40989f8087f32b511142~mv2.jpg
26,sandwich,filler,A,50,sandwich40.jpg,sandwich60.jpg,GoalB,Chris wants to make a peanut butter and banana sandwich,21;5,sandwich50.mp4,//video.wixstatic.com/video/7cb05b_c0ae772e0c834bd5a302ea540841c143/144p/mp4/file.mp4,//static.wixstatic.com/media/7cb05b_4ba5dd54f1a74b07b346f0cf013162d0~mv2.png
27,rice,filler,A,75,square65.jpg,square85.jpg,GoalA,Harry needs to make a square.,21;5,square75.mp4,//video.wixstatic.com/video/7cb05b_41aae65ca27d43c3a89b5e46732d18ff/144p/mp4/file.mp4,//static.wixstatic.com/media/7cb05b_a828b9ca5fe24cc39fbfa3a65f4a1a66~mv2.png
28,sort,filler,A,25,sort15.jpg,sort35.jpg,GoalB,Ben needs to separate the toys by color.,21;5,sort25.mp4,//video.wixstatic.com/video/7cb05b_24da2beb17994d4488f51c8cadf17aa9/144p/mp4/file.mp4,//static.wixstatic.com/media/7cb05b_5101039d01494071ae4f3dea883a268b~mv2.png
29,frog,filler,A,50,frog40.jpg,frog60.jpg,GoalA,The frog is spinning in a circle.,21;5,frog50.mp4,//video.wixstatic.com/video/7cb05b_f3331a7c835f41e29552793a56f8f187/144p/mp4/file.mp4,//static.wixstatic.com/media/7cb05b_fd988ff5f88d40989f8087f32b511142~mv2.jpg
1,vase,critical,B,50,vase40.jpg,vase60.jpg,low ,Adam wants to put flowers in this vase.,21;5,vase50.mp4,//video.wixstatic.com/video/7cb05b_908b4414a4764164ad9b500dd42bc4b5/144p/mp4/file.mp4,//static.wixstatic.com/media/7cb05b_4ba5dd54f1a74b07b346f0cf013162d0~mv2.png
2,door,critical,B,75,door65.jpg,door85.jpg,high,Matthew needs to carry a sofa into the next room.,21;5,door75.mp4,//video.wixstatic.com/video/7cb05b_57ef05e7baa246799eef6f6df01d006f/360p/mp4/file.mp4,//static.wixstatic.com/media/7cb05b_a828b9ca5fe24cc39fbfa3a65f4a1a66~mv2.png
3,clean,critical,B,25,clean15.jpg,clean35.jpg,low ,Grace wants make a bit more space on her desk.,21;5,clean25.mp4,//video.wixstatic.com/video/7cb05b_c19ac3a6f09242d18b2686cb97ced1ad/144p/mp4/file.mp4,//static.wixstatic.com/media/7cb05b_5101039d01494071ae4f3dea883a268b~mv2.png
4,candy,critical,B,50,candy40.jpg,candy60.jpg,high,Mary wants a big snack.,21;5,candy50.mp4,//video.wixstatic.com/video/7cb05b_a61200eb764d47e397f1ae8e36dc13e1/144p/mp4/file.mp4,//static.wixstatic.com/media/7cb05b_fd988ff5f88d40989f8087f32b511142~mv2.jpg
5,book,critical,B,75,book65.jpg,book85.jpg,low ,Alex wants to decide whether or not he likes the introduction.,21;5,book75.mp4,//video.wixstatic.com/video/7cb05b_0d6c242c9fef44f283affe86c1a4e791/144p/mp4/file.mp4,//static.wixstatic.com/media/7cb05b_4ba5dd54f1a74b07b346f0cf013162d0~mv2.png
6,flower,critical,B,25,flower15.jpg,flower35.jpg,high,Sam wants to make a blue flower for her friend.,21;5,flower25.mp4,//video.wixstatic.com/video/7cb05b_6dcbf29e9032420083427c103ba25246/144p/mp4/file.mp4,//static.wixstatic.com/media/7cb05b_a828b9ca5fe24cc39fbfa3a65f4a1a66~mv2.png
7,stack,critical,B,50,stack40.jpg,stack60.jpg,low ,George needs a platform for his doll to sit on.,21;5,stack50.mp4,//video.wixstatic.com/video/7cb05b_700fb1d347fe42138db01f6aeef1d2e2/144p/mp4/file.mp4,//static.wixstatic.com/media/7cb05b_5101039d01494071ae4f3dea883a268b~mv2.png
8,cucumber,critical,B,75,cucumber66.jpg,cucumber84.jpg,high,Luna needs to make a cucumber salad for the family dinner.,33;3,cucumber75.mp4,//video.wixstatic.com/video/7cb05b_4d406953a8bc44079ad98b394076ece4/144p/mp4/file.mp4,//static.wixstatic.com/media/7cb05b_fd988ff5f88d40989f8087f32b511142~mv2.jpg
9,cake,critical,B,25,cake15.jpg,cake33.jpg,low ,Amy wants to watch her calories.,33;3,cake25.mp4,//video.wixstatic.com/video/7cb05b_594d6d1ccc294636b8074f601d9132f8/144p/mp4/file.mp4,//static.wixstatic.com/media/7cb05b_4ba5dd54f1a74b07b346f0cf013162d0~mv2.png
10,train,critical,B,50,train40.jpg,train60.jpg,high,Tom wants the train to fall off the table.,21;5,train50.mp4,//video.wixstatic.com/video/7cb05b_d48edcecf8b14584a9cb0afa30ee3009/144p/mp4/file.mp4,//static.wixstatic.com/media/7cb05b_a828b9ca5fe24cc39fbfa3a65f4a1a66~mv2.png
11,beads,critical,B,75,beads65.jpg,beads85.jpg,low ,Julia needs to see if the string is thin enough for the beads.,21;5,beads75.mp4,//video.wixstatic.com/video/7cb05b_2d07204f9f1e45b0ad41e9ade1a6bd9f/144p/mp4/file.mp4,//static.wixstatic.com/media/7cb05b_5101039d01494071ae4f3dea883a268b~mv2.png
12,erase,critical,B,25,erase15.jpg,erase33.jpg,high,Nate needs to draw a forest on the whiteboard.,21;5,erase25.mp4,//video.wixstatic.com/video/7cb05b_15117c5f59ab40f9a261538bd37ff49e/144p/mp4/file.mp4,//static.wixstatic.com/media/7cb05b_fd988ff5f88d40989f8087f32b511142~mv2.jpg
13,mix,critical,B,50,mix40.jpg,mix60.jpg,low ,Frank needs to make an ombre design. ,21;5,mix50.mp4,//video.wixstatic.com/video/7cb05b_b83b321fb4c548678a8493b1fd6cff8a/144p/mp4/file.mp4,//static.wixstatic.com/media/7cb05b_4ba5dd54f1a74b07b346f0cf013162d0~mv2.png
14,cover,critical,B,75,cover66.jpg,cover84.jpg,high,Eve wants to hide the stuffed animal.,21;5,cover75.mp4,//video.wixstatic.com/video/7cb05b_d929ed16d87b4cebb1fc277b75f22718/144p/mp4/file.mp4,//static.wixstatic.com/media/7cb05b_a828b9ca5fe24cc39fbfa3a65f4a1a66~mv2.png
15,zip,critical,B,25,zip15.jpg,zip35.jpg,low ,Isaac needs to slip his pencil into the bag,21;5,zip25.mp4,//video.wixstatic.com/video/7cb05b_80e553d605d44c5cab5181cdf2c1ef0a/144p/mp4/file.mp4,//static.wixstatic.com/media/7cb05b_5101039d01494071ae4f3dea883a268b~mv2.png
16,blinds,critical,B,50,blinds42.jpg,blinds60.jpg,high,Cara wants to make the room less claustrophobic.,21;5,blinds50.mp4,//video.wixstatic.com/video/7cb05b_db81dc3a228440ef8f09038c11127c20/144p/mp4/file.mp4,//static.wixstatic.com/media/7cb05b_fd988ff5f88d40989f8087f32b511142~mv2.jpg
17,roll,critical,B,75,roll65.jpg,roll85.jpg,low ,Ethan needs to see if the towel has a design.,21;5,roll75.mp4,//video.wixstatic.com/video/7cb05b_7edd1bd6cb664f45a39dcd182b91cada/360p/mp4/file.mp4,//static.wixstatic.com/media/7cb05b_4ba5dd54f1a74b07b346f0cf013162d0~mv2.png
18,ball,critical,B,25,ball15.jpg,ball35.jpg,high,Max wants to hide the ball.,21;5,ball25.mp4,//video.wixstatic.com/video/7cb05b_6d67390e18ba42818cfe1c88b3f86c35/144p/mp4/file.mp4,//static.wixstatic.com/media/7cb05b_a828b9ca5fe24cc39fbfa3a65f4a1a66~mv2.png
19,cup,filler,B,50,cup40.jpg,cup60.jpg,GoalB,Henry wants to make a bowl.,21;5,cup50.mp4,//video.wixstatic.com/video/7cb05b_68101cdc682943a4926f6670401fdcb5/144p/mp4/file.mp4,//static.wixstatic.com/media/7cb05b_5101039d01494071ae4f3dea883a268b~mv2.png
20,cat,filler,B,75,cat65.jpg,cat85.jpg,GoalA,Dan needs to draw a cat.,21;5,cat75.mp4,//video.wixstatic.com/video/7cb05b_1e19528511b44d299f6d5885e280e261/144p/mp4/file.mp4,//static.wixstatic.com/media/7cb05b_fd988ff5f88d40989f8087f32b511142~mv2.jpg
21,visit,filler,B,25,visit15.jpg,visit35.jpg,GoalB,Zoe wants the frog to visit the elephant.,21;5,visit25.mp4,//video.wixstatic.com/video/7cb05b_5848049a9f05499283c264d6e218a73f/144p/mp4/file.mp4,//static.wixstatic.com/media/7cb05b_4ba5dd54f1a74b07b346f0cf013162d0~mv2.png
22,wall,filler,B,50,wall40.jpg,wall60.jpg,GoalA,Lisa needs to build a wall.,21;5,wall50.mp4,//video.wixstatic.com/video/7cb05b_afbe2922111e4be5b386f1d79c1c48e9/144p/mp4/file.mp4,//static.wixstatic.com/media/7cb05b_a828b9ca5fe24cc39fbfa3a65f4a1a66~mv2.png
23,color,filler,B,75,color65.jpg,color85.jpg,GoalB,Susie needs to color the boat according to the pattern,21;5,color75.mp4,//video.wixstatic.com/video/7cb05b_c858fc6e00d845f8a927e24b58124d0f/144p/mp4/file.mp4,//static.wixstatic.com/media/7cb05b_5101039d01494071ae4f3dea883a268b~mv2.png
24,match,filler,B,25,match15.jpg,match35.jpg,GoalA,Paul needs to match the pieces of the animals together.,21;5,match25.mp4,//video.wixstatic.com/video/7cb05b_45f40e387ecb4f8f86ea7ba78243c537/144p/mp4/file.mp4,//static.wixstatic.com/media/7cb05b_fd988ff5f88d40989f8087f32b511142~mv2.jpg
25,house,filler,B,50,house40.jpg,house60.jpg,GoalB,Robert wants to draw a barn.,21;5,house50.mp4,//video.wixstatic.com/video/7cb05b_f3fab983f2d94478a4207da6963bd19f/144p/mp4/file.mp4,//static.wixstatic.com/media/7cb05b_4ba5dd54f1a74b07b346f0cf013162d0~mv2.png
26,sandwich,filler,B,75,sandwich65.jpg,sandwich85.jpg,GoalA,Chris wants to make a peanut butter and jelly sandwich,21;5,sandwich75.mp4,//video.wixstatic.com/video/7cb05b_bfbe935a75f940cf91f125e0443ac369/144p/mp4/file.mp4,//static.wixstatic.com/media/7cb05b_a828b9ca5fe24cc39fbfa3a65f4a1a66~mv2.png
27,rice,filler,B,25,square15.jpg,square35.jpg,GoalB,Harry needs to make a circle.,21;5,square25.mp4,//video.wixstatic.com/video/7cb05b_7d016bdcb2fc4c0e9f9b8199c36c44b8/144p/mp4/file.mp4,//static.wixstatic.com/media/7cb05b_5101039d01494071ae4f3dea883a268b~mv2.png
28,sort,filler,B,50,sort40.jpg,sort60.jpg,GoalA,Ben needs to share his toys with five friends. ,21;5,sort50.mp4,//video.wixstatic.com/video/7cb05b_9dcdbf4445e94f7aa6d2c0fc099bb7fc/144p/mp4/file.mp4,//static.wixstatic.com/media/7cb05b_fd988ff5f88d40989f8087f32b511142~mv2.jpg
29,frog,filler,B,75,frog65.jpg,frog85.jpg,GoalB,The frog is turning back and forth.,21;5,frog75.mp4,//video.wixstatic.com/video/7cb05b_c9faf7a6b0cd45cea005a769ac6bfe23/144p/mp4/file.mp4,//static.wixstatic.com/media/7cb05b_4ba5dd54f1a74b07b346f0cf013162d0~mv2.png
1,vase,critical,C,75,vase60.jpg,vase90.jpg,low ,Adam wants to put flowers in this vase.,21;5,vase75.mp4,//video.wixstatic.com/video/7cb05b_be0dad884d5a445ea6b4e0dfcca0b1b4/144p/mp4/file.mp4,//static.wixstatic.com/media/7cb05b_a828b9ca5fe24cc39fbfa3a65f4a1a66~mv2.png
2,door,critical,C,25,door15.jpg,door35.jpg,high,Matthew needs to carry a sofa into the next room.,21;5,door25.mp4,//video.wixstatic.com/video/7cb05b_7b53f32ef7db4fe19aefbb0e96a4af25/360p/mp4/file.mp4,//static.wixstatic.com/media/7cb05b_5101039d01494071ae4f3dea883a268b~mv2.png
3,clean,critical,C,50,clean40.jpg,clean60.jpg,low ,Grace wants make a bit more space on her desk.,21;5,clean50.mp4,//video.wixstatic.com/video/7cb05b_7914249eff6f404484e7965f8e0d44d7/144p/mp4/file.mp4,//static.wixstatic.com/media/7cb05b_fd988ff5f88d40989f8087f32b511142~mv2.jpg
4,candy,critical,C,75,candy65.jpg,candy85.jpg,high,Mary wants a big snack.,21;5,candy75.mp4,//video.wixstatic.com/video/7cb05b_ca7998f8527b45fda918748485b00d23/144p/mp4/file.mp4,//static.wixstatic.com/media/7cb05b_4ba5dd54f1a74b07b346f0cf013162d0~mv2.png
5,book,critical,C,25,book15.jpg,book35.jpg,low ,Alex wants to decide whether or not he likes the introduction.,21;5,book25.mp4,//video.wixstatic.com/video/7cb05b_fb852d94ebfb40c1878f0b9a9820478c/144p/mp4/file.mp4,//static.wixstatic.com/media/7cb05b_a828b9ca5fe24cc39fbfa3a65f4a1a66~mv2.png
6,flower,critical,C,50,flower40.jpg,flower60.jpg,high,Sam wants to make a blue flower for her friend.,21;5,flower50.mp4,//video.wixstatic.com/video/7cb05b_be36d330fe0f4e3c80f99a141de080f3/144p/mp4/file.mp4,//static.wixstatic.com/media/7cb05b_5101039d01494071ae4f3dea883a268b~mv2.png
7,stack,critical,C,75,stack65.jpg,stack85.jpg,low ,George needs a platform for his doll to sit on.,21;5,stack75.mp4,//video.wixstatic.com/video/7cb05b_4a3fbaa34e774205af0edfb6da7ee00c/144p/mp4/file.mp4,//static.wixstatic.com/media/7cb05b_fd988ff5f88d40989f8087f32b511142~mv2.jpg
8,cucumber,critical,C,25,cucumber15.jpg,cucumber33.jpg,high,Luna needs to make a cucumber salad for the family dinner.,33;3,cucumber25.mp4,//video.wixstatic.com/video/7cb05b_e7c5ab8e2e5544369d41eda77899d42c/144p/mp4/file.mp4,//static.wixstatic.com/media/7cb05b_4ba5dd54f1a74b07b346f0cf013162d0~mv2.png
9,cake,critical,C,50,cake42.jpg,cake60.jpg,low ,Amy wants to watch her calories.,33;3,cake50.mp4,//video.wixstatic.com/video/7cb05b_573c2d02dbc14780855d2f02d2dd1349/144p/mp4/file.mp4,//static.wixstatic.com/media/7cb05b_a828b9ca5fe24cc39fbfa3a65f4a1a66~mv2.png
10,train,critical,C,75,train65.jpg,train85.jpg,high,Tom wants the train to fall off the table.,21;5,train75.mp4,//video.wixstatic.com/video/7cb05b_3423b7c86d15486cadc150c1e138c4e9/144p/mp4/file.mp4,//static.wixstatic.com/media/7cb05b_5101039d01494071ae4f3dea883a268b~mv2.png
11,beads,critical,C,25,beads15.jpg,beads35.jpg,low ,Julia needs to see if the string is thin enough for the beads.,21;5,beads25.mp4,//video.wixstatic.com/video/7cb05b_3f21f7fd02324632aee364065cd83304/144p/mp4/file.mp4,//static.wixstatic.com/media/7cb05b_fd988ff5f88d40989f8087f32b511142~mv2.jpg
12,erase,critical,C,50,erase42.jpg,erase60.jpg,high,Nate needs to draw a forest on the whiteboard.,21;5,erase50.mp4,//video.wixstatic.com/video/7cb05b_5afcc17f51094530ab7021c2789e8793/144p/mp4/file.mp4,//static.wixstatic.com/media/7cb05b_4ba5dd54f1a74b07b346f0cf013162d0~mv2.png
13,mix,critical,C,75,mix65.jpg,mix85.jpg,low ,Frank needs to make an ombre design. ,21;5,mix75.mp4,//video.wixstatic.com/video/7cb05b_bc43fcea59df460f90150448f82a6221/144p/mp4/file.mp4,//static.wixstatic.com/media/7cb05b_a828b9ca5fe24cc39fbfa3a65f4a1a66~mv2.png
14,cover,critical,C,25,cover15.jpg,cover33.jpg,high,Eve wants to hide the stuffed animal.,21;5,cover25.mp4,//video.wixstatic.com/video/7cb05b_797a1a9c2afb4fb6ba509d896790fa04/144p/mp4/file.mp4,//static.wixstatic.com/media/7cb05b_5101039d01494071ae4f3dea883a268b~mv2.png
15,zip,critical,C,50,zip40.jpg,zip60.jpg,low ,Isaac needs to slip his pencil into the bag,21;5,zip50.mp4,//video.wixstatic.com/video/7cb05b_c1960ba91da64ef6a064bdb258d8ff22/144p/mp4/file.mp4,//static.wixstatic.com/media/7cb05b_fd988ff5f88d40989f8087f32b511142~mv2.jpg
16,blinds,critical,C,75,blinds66.jpg,blinds84.jpg,high,Cara wants to make the room less claustrophobic.,21;5,blinds75.mp4,//video.wixstatic.com/video/7cb05b_e31fe48fdd6d44a08a6c0e440e9238e9/144p/mp4/file.mp4,//static.wixstatic.com/media/7cb05b_4ba5dd54f1a74b07b346f0cf013162d0~mv2.png
17,roll,critical,C,25,roll15.jpg,roll35.jpg,low ,Ethan needs to see if the towel has a design.,21;5,roll25.mp4,//video.wixstatic.com/video/7cb05b_d8846699a38440a086c65575cab72415/360p/mp4/file.mp4,//static.wixstatic.com/media/7cb05b_a828b9ca5fe24cc39fbfa3a65f4a1a66~mv2.png
18,ball,critical,C,50,ball40.jpg,ball60.jpg,high,Max wants to hide the ball.,21;5,ball50.mp4,//video.wixstatic.com/video/7cb05b_69b3c7fd71884a5cb8b5ade74713ab6c/144p/mp4/file.mp4,//static.wixstatic.com/media/7cb05b_5101039d01494071ae4f3dea883a268b~mv2.png
19,cup,filler,C,75,cup65.jpg,cup85.jpg,GoalA,Henry wants to make a cup.,21;5,cup75.mp4,//video.wixstatic.com/video/7cb05b_54fd8f0da5f447a280690aa5fdfbbf36/144p/mp4/file.mp4,//static.wixstatic.com/media/7cb05b_fd988ff5f88d40989f8087f32b511142~mv2.jpg
20,cat,filler,C,25,cat15.jpg,cat35.jpg,GoalB,Dan needs to draw a dog.,21;5,cat25.mp4,//video.wixstatic.com/video/7cb05b_4e5f4a6e505442288edd719424e2e074/144p/mp4/file.mp4,//static.wixstatic.com/media/7cb05b_4ba5dd54f1a74b07b346f0cf013162d0~mv2.png
21,visit,filler,C,50,visit40.jpg,visit60.jpg,GoalA,Zoe wants the frog to visit the house.,21;5,visit50.mp4,//video.wixstatic.com/video/7cb05b_70e5f30c0a644c55971f0e2e11496b48/144p/mp4/file.mp4,//static.wixstatic.com/media/7cb05b_a828b9ca5fe24cc39fbfa3a65f4a1a66~mv2.png
22,wall,filler,C,75,wall65.jpg,wall85.jpg,GoalB,Lisa needs to build a bridge,21;5,wall75.mp4,//video.wixstatic.com/video/7cb05b_02b3fa5f80da48a1b044c7e2ecff91bf/144p/mp4/file.mp4,//static.wixstatic.com/media/7cb05b_5101039d01494071ae4f3dea883a268b~mv2.png
23,color,filler,C,25,color15.jpg,color35.jpg,GoalA,Susie needs to color the boat red.,21;5,color25.mp4,//video.wixstatic.com/video/7cb05b_7f9bc83ad5974a06b394329a89a6d394/144p/mp4/file.mp4,//static.wixstatic.com/media/7cb05b_fd988ff5f88d40989f8087f32b511142~mv2.jpg
24,match,filler,C,50,match40.jpg,match60.jpg,GoalB,Paul needs to match the pieces of the giraffe together,21;5,match50.mp4,//video.wixstatic.com/video/7cb05b_2a1b3b5ba7b443c796592d89b75d0376/144p/mp4/file.mp4,//static.wixstatic.com/media/7cb05b_4ba5dd54f1a74b07b346f0cf013162d0~mv2.png
25,house,filler,C,75,house65.jpg,house85.jpg,GoalA,Robert wants to draw a house.,21;5,house75.mp4,//video.wixstatic.com/video/7cb05b_43f9d61983484192a6bb99bd0671ca6f/144p/mp4/file.mp4,//static.wixstatic.com/media/7cb05b_a828b9ca5fe24cc39fbfa3a65f4a1a66~mv2.png
26,sandwich,filler,C,25,sandwich15.jpg,sandwich35.jpg,GoalB,Chris wants to make a peanut butter and banana sandwich,21;5,sandwich25.mp4,//video.wixstatic.com/video/7cb05b_4d7a0a03c1a047bb8d468c7dbb563c71/144p/mp4/file.mp4,//static.wixstatic.com/media/7cb05b_5101039d01494071ae4f3dea883a268b~mv2.png
27,rice,filler,C,50,square40.jpg,square60.jpg,GoalA,Harry needs to make a square.,21;5,square50.mp4,//video.wixstatic.com/video/7cb05b_171840eb277a4ada98d979b740149974/144p/mp4/file.mp4,//static.wixstatic.com/media/7cb05b_fd988ff5f88d40989f8087f32b511142~mv2.jpg
28,sort,filler,C,75,sort65.jpg,sort85.jpg,GoalB,Ben needs to separate the toys by color.,21;5,sort75.mp4,//video.wixstatic.com/video/7cb05b_a0cc744a40f145fbb6b35bec186c08af/144p/mp4/file.mp4,//static.wixstatic.com/media/7cb05b_4ba5dd54f1a74b07b346f0cf013162d0~mv2.png
29,frog,filler,C,25,frog15.jpg,frog35.jpg,GoalA,The frog is spinning in a circle.,21;5,frog25.mp4,//video.wixstatic.com/video/7cb05b_5fcc35c40aae45439c79d6a097f96fae/144p/mp4/file.mp4,//static.wixstatic.com/media/7cb05b_a828b9ca5fe24cc39fbfa3a65f4a1a66~mv2.png
1,vase,critical,D,50,vase10.jpg,vase40.jpg,high,Adam wants to collect water in this vase before a water shut off.,21;5,vase50.mp4,//video.wixstatic.com/video/7cb05b_908b4414a4764164ad9b500dd42bc4b5/144p/mp4/file.mp4,//static.wixstatic.com/media/7cb05b_5101039d01494071ae4f3dea883a268b~mv2.png
2,door,critical,D,50,door40.jpg,door60.jpg,low ,Matthew needs to eavesdrop on a conversation in the hallway.,21;5,door50.mp4,//video.wixstatic.com/video/7cb05b_dcd8f00777a24faa984bd3d63a0e3212/360p/mp4/file.mp4,//static.wixstatic.com/media/7cb05b_fd988ff5f88d40989f8087f32b511142~mv2.jpg
3,clean,critical,D,75,clean65.jpg,clean85.jpg,high,Grace wants to clear her desk.,21;5,clean75.mp4,//video.wixstatic.com/video/7cb05b_c1ba5b27a9ea462cb210e27f7a145c7e/144p/mp4/file.mp4,//static.wixstatic.com/media/7cb05b_4ba5dd54f1a74b07b346f0cf013162d0~mv2.png
4,candy,critical,D,25,candy15.jpg,candy35.jpg,low ,Mary wants a small snack.,21;5,candy25.mp4,//video.wixstatic.com/video/7cb05b_b50614592c1547629d54eeeda550adae/144p/mp4/file.mp4,//static.wixstatic.com/media/7cb05b_a828b9ca5fe24cc39fbfa3a65f4a1a66~mv2.png
5,book,critical,D,50,book40.jpg,book60.jpg,high,Alex wants to write a book report for class.,21;5,book50.mp4,//video.wixstatic.com/video/7cb05b_9ca6619cfd454522accc8f2494873528/144p/mp4/file.mp4,//static.wixstatic.com/media/7cb05b_5101039d01494071ae4f3dea883a268b~mv2.png
6,flower,critical,D,75,flower65.jpg,flower85.jpg,low ,Sam wants to try out her new blue marker on this card.,21;5,flower75.mp4,//video.wixstatic.com/video/7cb05b_95f777d6ed604ed8b1dd1ef38dc6cc94/144p/mp4/file.mp4,//static.wixstatic.com/media/7cb05b_fd988ff5f88d40989f8087f32b511142~mv2.jpg
7,stack,critical,D,25,stack15.jpg,stack35.jpg,high,George needs to make the tallest pile.,21;5,stack25.mp4,//video.wixstatic.com/video/7cb05b_8008e8bdf8b546e3b93d673605c8c4c7/144p/mp4/file.mp4,//static.wixstatic.com/media/7cb05b_4ba5dd54f1a74b07b346f0cf013162d0~mv2.png
8,cucumber,critical,D,50,cucumber42.jpg,cucumber60.jpg,low ,Luna needs to prepare a cucumber snack for her toddler.,33;3,cucumber50.mp4,//video.wixstatic.com/video/7cb05b_c22f614071f64858a24d200d324da418/144p/mp4/file.mp4,//static.wixstatic.com/media/7cb05b_a828b9ca5fe24cc39fbfa3a65f4a1a66~mv2.png
9,cake,critical,D,75,cake66.jpg,cake84.jpg,high,Amy wants to indulge her sweet tooth.,33;3,cake75.mp4,//video.wixstatic.com/video/7cb05b_b36236eeceab45f694181c7c82858606/144p/mp4/file.mp4,//static.wixstatic.com/media/7cb05b_5101039d01494071ae4f3dea883a268b~mv2.png
10,train,critical,D,25,train15.jpg,train35.jpg,low ,Tom wants to make sure the train wheels turn smoothly.,21;5,train25.mp4,//video.wixstatic.com/video/7cb05b_8e58129c115249828969656ee129229b/144p/mp4/file.mp4,//static.wixstatic.com/media/7cb05b_fd988ff5f88d40989f8087f32b511142~mv2.jpg
11,beads,critical,D,50,beads40.jpg,beads60.jpg,high,Julia needs to see if the string is long enough for the beads.,21;5,beads50.mp4,//video.wixstatic.com/video/7cb05b_dad057b735a0434f8a5837608d065948/144p/mp4/file.mp4,//static.wixstatic.com/media/7cb05b_4ba5dd54f1a74b07b346f0cf013162d0~mv2.png
12,erase,critical,D,75,erase66.jpg,erase84.jpg,low ,Nate needs to draw a tree on the whiteboard.,21;5,erase75.mp4,//video.wixstatic.com/video/7cb05b_b7dbef34cead419e84f81383ea185755/144p/mp4/file.mp4,//static.wixstatic.com/media/7cb05b_a828b9ca5fe24cc39fbfa3a65f4a1a66~mv2.png
13,mix,critical,D,25,mix15.jpg,mix35.jpg,high,Frank needs to make a new paint color.,21;5,mix25.mp4,//video.wixstatic.com/video/7cb05b_df4080d23cf1455c83afba4febf55e01/144p/mp4/file.mp4,//static.wixstatic.com/media/7cb05b_5101039d01494071ae4f3dea883a268b~mv2.png
14,cover,critical,D,50,cover42.jpg,cover60.jpg,low ,Eve wants to tuck the stuffed animal in.,21;5,cover50.mp4,//video.wixstatic.com/video/7cb05b_1ad91a726f3441f7b0f49c49d4413cbc/144p/mp4/file.mp4,//static.wixstatic.com/media/7cb05b_fd988ff5f88d40989f8087f32b511142~mv2.jpg
15,zip,critical,D,75,zip65.jpg,zip85.jpg,high,Isaac needs to search the bag for his sweater.,21;5,zip75.mp4,//video.wixstatic.com/video/7cb05b_0d486ff48c194ff9acce37c789aeb4a1/144p/mp4/file.mp4,//static.wixstatic.com/media/7cb05b_4ba5dd54f1a74b07b346f0cf013162d0~mv2.png
16,blinds,critical,D,25,blinds15.jpg,blinds33.jpg,low ,Cara wants to peek outside.,21;5,blinds25.mp4,//video.wixstatic.com/video/7cb05b_b93255746a134a00b376c63819b666f9/144p/mp4/file.mp4,//static.wixstatic.com/media/7cb05b_a828b9ca5fe24cc39fbfa3a65f4a1a66~mv2.png
17,roll,critical,D,50,roll40.jpg,roll60.jpg,high,Ethan needs to see if the towel is dirty.,21;5,roll50.mp4,//video.wixstatic.com/video/7cb05b_1bce08b4590b4220a55345806c13dcf8/360p/mp4/file.mp4,//static.wixstatic.com/media/7cb05b_5101039d01494071ae4f3dea883a268b~mv2.png
18,ball,critical,D,75,ball65.jpg,ball85.jpg,low ,Max wants to move the ball.,21;5,ball75.mp4,//video.wixstatic.com/video/7cb05b_48bac5b998dd4e9ebf4f4ca9e463b61f/144p/mp4/file.mp4,//static.wixstatic.com/media/7cb05b_fd988ff5f88d40989f8087f32b511142~mv2.jpg
19,cup,filler,D,25,cup15.jpg,cup35.jpg,GoalB,Henry wants to make a bowl.,21;5,cup25.mp4,//video.wixstatic.com/video/7cb05b_93f96d3577194ada8f966b65a511ba6e/144p/mp4/file.mp4,//static.wixstatic.com/media/7cb05b_4ba5dd54f1a74b07b346f0cf013162d0~mv2.png
20,cat,filler,D,50,cat40.jpg,cat60.jpg,GoalA,Dan needs to draw a cat.,21;5,cat50.mp4,//video.wixstatic.com/video/7cb05b_f64416f16b294d35b34b492c0dc6422f/144p/mp4/file.mp4,//static.wixstatic.com/media/7cb05b_a828b9ca5fe24cc39fbfa3a65f4a1a66~mv2.png
21,visit,filler,D,75,visit65.jpg,visit85.jpg,GoalB,Zoe wants the frog to visit the elephant.,21;5,visit75.mp4,//video.wixstatic.com/video/7cb05b_653ce6d3890c41b780dc5ddb6f0057ff/144p/mp4/file.mp4,//static.wixstatic.com/media/7cb05b_5101039d01494071ae4f3dea883a268b~mv2.png
22,wall,filler,D,25,wall15.jpg,wall35.jpg,GoalA,Lisa needs to build a wall.,21;5,wall25.mp4,//video.wixstatic.com/video/7cb05b_9e0b904ee8f6483fb00cf202e1d51717/144p/mp4/file.mp4,//static.wixstatic.com/media/7cb05b_fd988ff5f88d40989f8087f32b511142~mv2.jpg
23,color,filler,D,50,color40.jpg,color60.jpg,GoalB,Susie needs to color the boat according to the pattern,21;5,color50.mp4,//video.wixstatic.com/video/7cb05b_731d5e043d084e6fbdca255e5ecfa264/144p/mp4/file.mp4,//static.wixstatic.com/media/7cb05b_4ba5dd54f1a74b07b346f0cf013162d0~mv2.png
24,match,filler,D,75,match65.jpg,match85.jpg,GoalA,Paul needs to match the pieces of the animals together.,21;5,match75.mp4,//video.wixstatic.com/video/7cb05b_01f2598378a54c6696ad55df44a6cc1e/144p/mp4/file.mp4,//static.wixstatic.com/media/7cb05b_a828b9ca5fe24cc39fbfa3a65f4a1a66~mv2.png
25,house,filler,D,25,house15.jpg,house35.jpg,GoalB,Robert wants to draw a barn.,21;5,house25.mp4,//video.wixstatic.com/video/7cb05b_1f5436e836a542fe878e14e056bb739c/144p/mp4/file.mp4,//static.wixstatic.com/media/7cb05b_5101039d01494071ae4f3dea883a268b~mv2.png
26,sandwich,filler,D,50,sandwich40.jpg,sandwich60.jpg,GoalA,Chris wants to make a peanut butter and jelly sandwich,21;5,sandwich50.mp4,//video.wixstatic.com/video/7cb05b_c0ae772e0c834bd5a302ea540841c143/144p/mp4/file.mp4,//static.wixstatic.com/media/7cb05b_fd988ff5f88d40989f8087f32b511142~mv2.jpg
27,rice,filler,D,75,square65.jpg,square85.jpg,GoalB,Harry needs to make a circle.,21;5,square75.mp4,//video.wixstatic.com/video/7cb05b_41aae65ca27d43c3a89b5e46732d18ff/144p/mp4/file.mp4,//static.wixstatic.com/media/7cb05b_4ba5dd54f1a74b07b346f0cf013162d0~mv2.png
28,sort,filler,D,25,sort15.jpg,sort35.jpg,GoalA,Ben needs to share his toys with five friends. ,21;5,sort25.mp4,//video.wixstatic.com/video/7cb05b_24da2beb17994d4488f51c8cadf17aa9/144p/mp4/file.mp4,//static.wixstatic.com/media/7cb05b_a828b9ca5fe24cc39fbfa3a65f4a1a66~mv2.png
29,frog,filler,D,50,frog40.jpg,frog60.jpg,GoalB,The frog is turning back and forth.,21;5,frog50.mp4,//video.wixstatic.com/video/7cb05b_f3331a7c835f41e29552793a56f8f187/144p/mp4/file.mp4,//static.wixstatic.com/media/7cb05b_5101039d01494071ae4f3dea883a268b~mv2.png
1,vase,critical,E,75,vase35.jpg,vase65.jpg,high,Adam wants to collect water in this vase before a water shut off.,21;5,vase75.mp4,//video.wixstatic.com/video/7cb05b_be0dad884d5a445ea6b4e0dfcca0b1b4/144p/mp4/file.mp4,//static.wixstatic.com/media/7cb05b_fd988ff5f88d40989f8087f32b511142~mv2.jpg
2,door,critical,E,75,door65.jpg,door85.jpg,low ,Matthew needs to eavesdrop on a conversation in the hallway.,21;5,door75.mp4,//video.wixstatic.com/video/7cb05b_57ef05e7baa246799eef6f6df01d006f/360p/mp4/file.mp4,//static.wixstatic.com/media/7cb05b_4ba5dd54f1a74b07b346f0cf013162d0~mv2.png
3,clean,critical,E,25,clean15.jpg,clean35.jpg,high,Grace wants to clear her desk.,21;5,clean25.mp4,//video.wixstatic.com/video/7cb05b_c19ac3a6f09242d18b2686cb97ced1ad/144p/mp4/file.mp4,//static.wixstatic.com/media/7cb05b_a828b9ca5fe24cc39fbfa3a65f4a1a66~mv2.png
4,candy,critical,E,50,candy40.jpg,candy60.jpg,low ,Mary wants a small snack.,21;5,candy50.mp4,//video.wixstatic.com/video/7cb05b_a61200eb764d47e397f1ae8e36dc13e1/144p/mp4/file.mp4,//static.wixstatic.com/media/7cb05b_5101039d01494071ae4f3dea883a268b~mv2.png
5,book,critical,E,75,book65.jpg,book85.jpg,high,Alex wants to write a book report for class.,21;5,book75.mp4,//video.wixstatic.com/video/7cb05b_0d6c242c9fef44f283affe86c1a4e791/144p/mp4/file.mp4,//static.wixstatic.com/media/7cb05b_fd988ff5f88d40989f8087f32b511142~mv2.jpg
6,flower,critical,E,25,flower15.jpg,flower35.jpg,low ,Sam wants to try out her new blue marker on this card.,21;5,flower25.mp4,//video.wixstatic.com/video/7cb05b_6dcbf29e9032420083427c103ba25246/144p/mp4/file.mp4,//static.wixstatic.com/media/7cb05b_4ba5dd54f1a74b07b346f0cf013162d0~mv2.png
7,stack,critical,E,50,stack40.jpg,stack60.jpg,high,George needs to make the tallest pile.,21;5,stack50.mp4,//video.wixstatic.com/video/7cb05b_700fb1d347fe42138db01f6aeef1d2e2/144p/mp4/file.mp4,//static.wixstatic.com/media/7cb05b_a828b9ca5fe24cc39fbfa3a65f4a1a66~mv2.png
8,cucumber,critical,E,75,cucumber66.jpg,cucumber84.jpg,low ,Luna needs to prepare a cucumber snack for her toddler.,33;3,cucumber75.mp4,//video.wixstatic.com/video/7cb05b_4d406953a8bc44079ad98b394076ece4/144p/mp4/file.mp4,//static.wixstatic.com/media/7cb05b_5101039d01494071ae4f3dea883a268b~mv2.png
9,cake,critical,E,25,cake15.jpg,cake33.jpg,high,Amy wants to indulge her sweet tooth.,33;3,cake25.mp4,//video.wixstatic.com/video/7cb05b_594d6d1ccc294636b8074f601d9132f8/144p/mp4/file.mp4,//static.wixstatic.com/media/7cb05b_fd988ff5f88d40989f8087f32b511142~mv2.jpg
10,train,critical,E,50,train40.jpg,train60.jpg,low ,Tom wants to make sure the train wheels turn smoothly.,21;5,train50.mp4,//video.wixstatic.com/video/7cb05b_d48edcecf8b14584a9cb0afa30ee3009/144p/mp4/file.mp4,//static.wixstatic.com/media/7cb05b_4ba5dd54f1a74b07b346f0cf013162d0~mv2.png
11,beads,critical,E,75,beads65.jpg,beads85.jpg,high,Julia needs to see if the string is long enough for the beads.,21;5,beads75.mp4,//video.wixstatic.com/video/7cb05b_2d07204f9f1e45b0ad41e9ade1a6bd9f/144p/mp4/file.mp4,//static.wixstatic.com/media/7cb05b_a828b9ca5fe24cc39fbfa3a65f4a1a66~mv2.png
12,erase,critical,E,25,erase15.jpg,erase33.jpg,low ,Nate needs to draw a tree on the whiteboard.,21;5,erase25.mp4,//video.wixstatic.com/video/7cb05b_15117c5f59ab40f9a261538bd37ff49e/144p/mp4/file.mp4,//static.wixstatic.com/media/7cb05b_5101039d01494071ae4f3dea883a268b~mv2.png
13,mix,critical,E,50,mix40.jpg,mix60.jpg,high,Frank needs to make a new paint color.,21;5,mix50.mp4,//video.wixstatic.com/video/7cb05b_b83b321fb4c548678a8493b1fd6cff8a/144p/mp4/file.mp4,//static.wixstatic.com/media/7cb05b_fd988ff5f88d40989f8087f32b511142~mv2.jpg
14,cover,critical,E,75,cover66.jpg,cover84.jpg,low ,Eve wants to tuck the stuffed animal in.,21;5,cover75.mp4,//video.wixstatic.com/video/7cb05b_d929ed16d87b4cebb1fc277b75f22718/144p/mp4/file.mp4,//static.wixstatic.com/media/7cb05b_4ba5dd54f1a74b07b346f0cf013162d0~mv2.png
15,zip,critical,E,25,zip15.jpg,zip35.jpg,high,Isaac needs to search the bag for his sweater.,21;5,zip25.mp4,//video.wixstatic.com/video/7cb05b_80e553d605d44c5cab5181cdf2c1ef0a/144p/mp4/file.mp4,//static.wixstatic.com/media/7cb05b_a828b9ca5fe24cc39fbfa3a65f4a1a66~mv2.png
16,blinds,critical,E,50,blinds42.jpg,blinds60.jpg,low ,Cara wants to peek outside.,21;5,blinds50.mp4,//video.wixstatic.com/video/7cb05b_db81dc3a228440ef8f09038c11127c20/144p/mp4/file.mp4,//static.wixstatic.com/media/7cb05b_5101039d01494071ae4f3dea883a268b~mv2.png
17,roll,critical,E,75,roll65.jpg,roll85.jpg,high,Ethan needs to see if the towel is dirty.,21;5,roll75.mp4,//video.wixstatic.com/video/7cb05b_7edd1bd6cb664f45a39dcd182b91cada/360p/mp4/file.mp4,//static.wixstatic.com/media/7cb05b_fd988ff5f88d40989f8087f32b511142~mv2.jpg
18,ball,critical,E,25,ball15.jpg,ball35.jpg,low ,Max wants to move the ball.,21;5,ball25.mp4,//video.wixstatic.com/video/7cb05b_6d67390e18ba42818cfe1c88b3f86c35/144p/mp4/file.mp4,//static.wixstatic.com/media/7cb05b_4ba5dd54f1a74b07b346f0cf013162d0~mv2.png
19,cup,filler,E,50,cup40.jpg,cup60.jpg,GoalA,Henry wants to make a cup.,21;5,cup50.mp4,//video.wixstatic.com/video/7cb05b_68101cdc682943a4926f6670401fdcb5/144p/mp4/file.mp4,//static.wixstatic.com/media/7cb05b_a828b9ca5fe24cc39fbfa3a65f4a1a66~mv2.png
20,cat,filler,E,75,cat65.jpg,cat85.jpg,GoalB,Dan needs to draw a dog.,21;5,cat75.mp4,//video.wixstatic.com/video/7cb05b_1e19528511b44d299f6d5885e280e261/144p/mp4/file.mp4,//static.wixstatic.com/media/7cb05b_5101039d01494071ae4f3dea883a268b~mv2.png
21,visit,filler,E,25,visit15.jpg,visit35.jpg,GoalA,Zoe wants the frog to visit the house.,21;5,visit25.mp4,//video.wixstatic.com/video/7cb05b_5848049a9f05499283c264d6e218a73f/144p/mp4/file.mp4,//static.wixstatic.com/media/7cb05b_fd988ff5f88d40989f8087f32b511142~mv2.jpg
22,wall,filler,E,50,wall40.jpg,wall60.jpg,GoalB,Lisa needs to build a bridge,21;5,wall50.mp4,//video.wixstatic.com/video/7cb05b_afbe2922111e4be5b386f1d79c1c48e9/144p/mp4/file.mp4,//static.wixstatic.com/media/7cb05b_4ba5dd54f1a74b07b346f0cf013162d0~mv2.png
23,color,filler,E,75,color65.jpg,color85.jpg,GoalA,Susie needs to color the boat red.,21;5,color75.mp4,//video.wixstatic.com/video/7cb05b_c858fc6e00d845f8a927e24b58124d0f/144p/mp4/file.mp4,//static.wixstatic.com/media/7cb05b_a828b9ca5fe24cc39fbfa3a65f4a1a66~mv2.png
24,match,filler,E,25,match15.jpg,match35.jpg,GoalB,Paul needs to match the pieces of the giraffe together,21;5,match25.mp4,//video.wixstatic.com/video/7cb05b_45f40e387ecb4f8f86ea7ba78243c537/144p/mp4/file.mp4,//static.wixstatic.com/media/7cb05b_5101039d01494071ae4f3dea883a268b~mv2.png
25,house,filler,E,50,house40.jpg,house60.jpg,GoalA,Robert wants to draw a house.,21;5,house50.mp4,//video.wixstatic.com/video/7cb05b_f3fab983f2d94478a4207da6963bd19f/144p/mp4/file.mp4,//static.wixstatic.com/media/7cb05b_fd988ff5f88d40989f8087f32b511142~mv2.jpg
26,sandwich,filler,E,75,sandwich65.jpg,sandwich85.jpg,GoalB,Chris wants to make a peanut butter and banana sandwich,21;5,sandwich75.mp4,//video.wixstatic.com/video/7cb05b_bfbe935a75f940cf91f125e0443ac369/144p/mp4/file.mp4,//static.wixstatic.com/media/7cb05b_4ba5dd54f1a74b07b346f0cf013162d0~mv2.png
27,rice,filler,E,25,square15.jpg,square35.jpg,GoalA,Harry needs to make a square.,21;5,square25.mp4,//video.wixstatic.com/video/7cb05b_7d016bdcb2fc4c0e9f9b8199c36c44b8/144p/mp4/file.mp4,//static.wixstatic.com/media/7cb05b_a828b9ca5fe24cc39fbfa3a65f4a1a66~mv2.png
28,sort,filler,E,50,sort40.jpg,sort60.jpg,GoalB,Ben needs to separate the toys by color.,21;5,sort50.mp4,//video.wixstatic.com/video/7cb05b_9dcdbf4445e94f7aa6d2c0fc099bb7fc/144p/mp4/file.mp4,//static.wixstatic.com/media/7cb05b_5101039d01494071ae4f3dea883a268b~mv2.png
29,frog,filler,E,75,frog65.jpg,frog85.jpg,GoalA,The frog is spinning in a circle.,21;5,frog75.mp4,//video.wixstatic.com/video/7cb05b_c9faf7a6b0cd45cea005a769ac6bfe23/144p/mp4/file.mp4,//static.wixstatic.com/media/7cb05b_fd988ff5f88d40989f8087f32b511142~mv2.jpg
1,vase,critical,F,25,vase60.jpg,vase90.jpg,high,Adam wants to collect water in this vase before a water shut off.,21;5,vase25.mp4,//video.wixstatic.com/video/7cb05b_9599739960c14947a96d025f7919876b/144p/mp4/file.mp4,//static.wixstatic.com/media/7cb05b_4ba5dd54f1a74b07b346f0cf013162d0~mv2.png
2,door,critical,F,25,door15.jpg,door35.jpg,low ,Matthew needs to eavesdrop on a conversation in the hallway.,21;5,door25.mp4,//video.wixstatic.com/video/7cb05b_7b53f32ef7db4fe19aefbb0e96a4af25/360p/mp4/file.mp4,//static.wixstatic.com/media/7cb05b_a828b9ca5fe24cc39fbfa3a65f4a1a66~mv2.png
3,clean,critical,F,50,clean40.jpg,clean60.jpg,high,Grace wants to clear her desk.,21;5,clean50.mp4,//video.wixstatic.com/video/7cb05b_7914249eff6f404484e7965f8e0d44d7/144p/mp4/file.mp4,//static.wixstatic.com/media/7cb05b_5101039d01494071ae4f3dea883a268b~mv2.png
4,candy,critical,F,75,candy65.jpg,candy85.jpg,low ,Mary wants a small snack.,21;5,candy75.mp4,//video.wixstatic.com/video/7cb05b_ca7998f8527b45fda918748485b00d23/144p/mp4/file.mp4,//static.wixstatic.com/media/7cb05b_fd988ff5f88d40989f8087f32b511142~mv2.jpg
5,book,critical,F,25,book15.jpg,book35.jpg,high,Alex wants to write a book report for class.,21;5,book25.mp4,//video.wixstatic.com/video/7cb05b_fb852d94ebfb40c1878f0b9a9820478c/144p/mp4/file.mp4,//static.wixstatic.com/media/7cb05b_4ba5dd54f1a74b07b346f0cf013162d0~mv2.png
6,flower,critical,F,50,flower40.jpg,flower60.jpg,low ,Sam wants to try out her new blue marker on this card.,21;5,flower50.mp4,//video.wixstatic.com/video/7cb05b_be36d330fe0f4e3c80f99a141de080f3/144p/mp4/file.mp4,//static.wixstatic.com/media/7cb05b_a828b9ca5fe24cc39fbfa3a65f4a1a66~mv2.png
7,stack,critical,F,75,stack65.jpg,stack85.jpg,high,George needs to make the tallest pile.,21;5,stack75.mp4,//video.wixstatic.com/video/7cb05b_4a3fbaa34e774205af0edfb6da7ee00c/144p/mp4/file.mp4,//static.wixstatic.com/media/7cb05b_5101039d01494071ae4f3dea883a268b~mv2.png
8,cucumber,critical,F,25,cucumber15.jpg,cucumber33.jpg,low ,Luna needs to prepare a cucumber snack for her toddler.,33;3,cucumber25.mp4,//video.wixstatic.com/video/7cb05b_e7c5ab8e2e5544369d41eda77899d42c/144p/mp4/file.mp4,//static.wixstatic.com/media/7cb05b_fd988ff5f88d40989f8087f32b511142~mv2.jpg
9,cake,critical,F,50,cake42.jpg,cake60.jpg,high,Amy wants to indulge her sweet tooth.,33;3,cake50.mp4,//video.wixstatic.com/video/7cb05b_573c2d02dbc14780855d2f02d2dd1349/144p/mp4/file.mp4,//static.wixstatic.com/media/7cb05b_4ba5dd54f1a74b07b346f0cf013162d0~mv2.png
10,train,critical,F,75,train65.jpg,train85.jpg,low ,Tom wants to make sure the train wheels turn smoothly.,21;5,train75.mp4,//video.wixstatic.com/video/7cb05b_3423b7c86d15486cadc150c1e138c4e9/144p/mp4/file.mp4,//static.wixstatic.com/media/7cb05b_a828b9ca5fe24cc39fbfa3a65f4a1a66~mv2.png
11,beads,critical,F,25,beads15.jpg,beads35.jpg,high,Julia needs to see if the string is long enough for the beads.,21;5,beads25.mp4,//video.wixstatic.com/video/7cb05b_3f21f7fd02324632aee364065cd83304/144p/mp4/file.mp4,//static.wixstatic.com/media/7cb05b_5101039d01494071ae4f3dea883a268b~mv2.png
12,erase,critical,F,50,erase42.jpg,erase60.jpg,low ,Nate needs to draw a tree on the whiteboard.,21;5,erase50.mp4,//video.wixstatic.com/video/7cb05b_5afcc17f51094530ab7021c2789e8793/144p/mp4/file.mp4,//static.wixstatic.com/media/7cb05b_fd988ff5f88d40989f8087f32b511142~mv2.jpg
13,mix,critical,F,75,mix65.jpg,mix85.jpg,high,Frank needs to make a new paint color.,21;5,mix75.mp4,//video.wixstatic.com/video/7cb05b_bc43fcea59df460f90150448f82a6221/144p/mp4/file.mp4,//static.wixstatic.com/media/7cb05b_4ba5dd54f1a74b07b346f0cf013162d0~mv2.png
14,cover,critical,F,25,cover15.jpg,cover33.jpg,low ,Eve wants to tuck the stuffed animal in.,21;5,cover25.mp4,//video.wixstatic.com/video/7cb05b_797a1a9c2afb4fb6ba509d896790fa04/144p/mp4/file.mp4,//static.wixstatic.com/media/7cb05b_a828b9ca5fe24cc39fbfa3a65f4a1a66~mv2.png
15,zip,critical,F,50,zip40.jpg,zip60.jpg,high,Isaac needs to search the bag for his sweater.,21;5,zip50.mp4,//video.wixstatic.com/video/7cb05b_c1960ba91da64ef6a064bdb258d8ff22/144p/mp4/file.mp4,//static.wixstatic.com/media/7cb05b_5101039d01494071ae4f3dea883a268b~mv2.png
16,blinds,critical,F,75,blinds66.jpg,blinds84.jpg,low ,Cara wants to peek outside.,21;5,blinds75.mp4,//video.wixstatic.com/video/7cb05b_e31fe48fdd6d44a08a6c0e440e9238e9/144p/mp4/file.mp4,//static.wixstatic.com/media/7cb05b_fd988ff5f88d40989f8087f32b511142~mv2.jpg
17,roll,critical,F,25,roll15.jpg,roll35.jpg,high,Ethan needs to see if the towel is dirty.,21;5,roll25.mp4,//video.wixstatic.com/video/7cb05b_d8846699a38440a086c65575cab72415/360p/mp4/file.mp4,//static.wixstatic.com/media/7cb05b_4ba5dd54f1a74b07b346f0cf013162d0~mv2.png
18,ball,critical,F,50,ball40.jpg,ball60.jpg,low ,Max wants to move the ball.,21;5,ball50.mp4,//video.wixstatic.com/video/7cb05b_69b3c7fd71884a5cb8b5ade74713ab6c/144p/mp4/file.mp4,//static.wixstatic.com/media/7cb05b_a828b9ca5fe24cc39fbfa3a65f4a1a66~mv2.png
19,cup,filler,F,75,cup65.jpg,cup85.jpg,GoalB,Henry wants to make a bowl.,21;5,cup75.mp4,//video.wixstatic.com/video/7cb05b_54fd8f0da5f447a280690aa5fdfbbf36/144p/mp4/file.mp4,//static.wixstatic.com/media/7cb05b_5101039d01494071ae4f3dea883a268b~mv2.png
20,cat,filler,F,25,cat15.jpg,cat35.jpg,GoalA,Dan needs to draw a cat.,21;5,cat25.mp4,//video.wixstatic.com/video/7cb05b_4e5f4a6e505442288edd719424e2e074/144p/mp4/file.mp4,//static.wixstatic.com/media/7cb05b_fd988ff5f88d40989f8087f32b511142~mv2.jpg
21,visit,filler,F,50,visit40.jpg,visit60.jpg,GoalB,Zoe wants the frog to visit the elephant.,21;5,visit50.mp4,//video.wixstatic.com/video/7cb05b_70e5f30c0a644c55971f0e2e11496b48/144p/mp4/file.mp4,//static.wixstatic.com/media/7cb05b_4ba5dd54f1a74b07b346f0cf013162d0~mv2.png
22,wall,filler,F,75,wall65.jpg,wall85.jpg,GoalA,Lisa needs to build a wall.,21;5,wall75.mp4,//video.wixstatic.com/video/7cb05b_02b3fa5f80da48a1b044c7e2ecff91bf/144p/mp4/file.mp4,//static.wixstatic.com/media/7cb05b_a828b9ca5fe24cc39fbfa3a65f4a1a66~mv2.png
23,color,filler,F,25,color15.jpg,color35.jpg,GoalB,Susie needs to color the boat according to the pattern,21;5,color25.mp4,//video.wixstatic.com/video/7cb05b_7f9bc83ad5974a06b394329a89a6d394/144p/mp4/file.mp4,//static.wixstatic.com/media/7cb05b_5101039d01494071ae4f3dea883a268b~mv2.png
24,match,filler,F,50,match40.jpg,match60.jpg,GoalA,Paul needs to match the pieces of the animals together.,21;5,match50.mp4,//video.wixstatic.com/video/7cb05b_2a1b3b5ba7b443c796592d89b75d0376/144p/mp4/file.mp4,//static.wixstatic.com/media/7cb05b_fd988ff5f88d40989f8087f32b511142~mv2.jpg
25,house,filler,F,75,house65.jpg,house85.jpg,GoalB,Robert wants to draw a barn.,21;5,house75.mp4,//video.wixstatic.com/video/7cb05b_43f9d61983484192a6bb99bd0671ca6f/144p/mp4/file.mp4,//static.wixstatic.com/media/7cb05b_4ba5dd54f1a74b07b346f0cf013162d0~mv2.png
26,sandwich,filler,F,25,sandwich15.jpg,sandwich35.jpg,GoalA,Chris wants to make a peanut butter and jelly sandwich,21;5,sandwich25.mp4,//video.wixstatic.com/video/7cb05b_4d7a0a03c1a047bb8d468c7dbb563c71/144p/mp4/file.mp4,//static.wixstatic.com/media/7cb05b_a828b9ca5fe24cc39fbfa3a65f4a1a66~mv2.png
27,rice,filler,F,50,square40.jpg,square60.jpg,GoalB,Harry needs to make a circle.,21;5,square50.mp4,//video.wixstatic.com/video/7cb05b_171840eb277a4ada98d979b740149974/144p/mp4/file.mp4,//static.wixstatic.com/media/7cb05b_5101039d01494071ae4f3dea883a268b~mv2.png
28,sort,filler,F,75,sort65.jpg,sort85.jpg,GoalA,Ben needs to share his toys with five friends. ,21;5,sort75.mp4,//video.wixstatic.com/video/7cb05b_a0cc744a40f145fbb6b35bec186c08af/144p/mp4/file.mp4,//static.wixstatic.com/media/7cb05b_fd988ff5f88d40989f8087f32b511142~mv2.jpg
29,frog,filler,F,25,frog15.jpg,frog35.jpg,GoalB,The frog is turning back and forth.,21;5,frog25.mp4,//video.wixstatic.com/video/7cb05b_5fcc35c40aae45439c79d6a097f96fae/144p/mp4/file.mp4,//static.wixstatic.com/media/7cb05b_4ba5dd54f1a74b07b346f0cf013162d0~mv2.png