﻿item_number,item,type,Group,prog,true_img,height,goal,video_frames,video_name,video_link,mask_link,condition
1,vase,critical,A,25,vase25.jpg,low,Adam wants to put flowers in this vase.,21;5,vase25.mp4,//video.wixstatic.com/video/7cb05b_9599739960c14947a96d025f7919876b/144p/mp4/file.mp4,//static.wixstatic.com/media/7cb05b_fd988ff5f88d40989f8087f32b511142~mv2.jpg,goal
2,door,critical,A,50,door50.jpg,low,Matthew needs to eavesdrop on a conversation in the hallway.,21;5,door50.mp4,//video.wixstatic.com/video/7cb05b_dcd8f00777a24faa984bd3d63a0e3212/360p/mp4/file.mp4,//static.wixstatic.com/media/7cb05b_4ba5dd54f1a74b07b346f0cf013162d0~mv2.png,goal
3,clean,critical,A,75,clean75.jpg,low,Grace wants make a bit more space on her desk.,21;5,clean75.mp4,//video.wixstatic.com/video/7cb05b_c1ba5b27a9ea462cb210e27f7a145c7e/144p/mp4/file.mp4,//static.wixstatic.com/media/7cb05b_a828b9ca5fe24cc39fbfa3a65f4a1a66~mv2.png,goal
4,candy,critical,A,25,candy25.jpg,low,Mary wants a small snack.,21;5,candy25.mp4,//video.wixstatic.com/video/7cb05b_b50614592c1547629d54eeeda550adae/144p/mp4/file.mp4,//static.wixstatic.com/media/7cb05b_5101039d01494071ae4f3dea883a268b~mv2.png,goal
5,book,critical,A,50,book50.jpg,low,Alex wants to decide whether or not he likes the introduction.,21;5,book50.mp4,//video.wixstatic.com/video/7cb05b_9ca6619cfd454522accc8f2494873528/144p/mp4/file.mp4,//static.wixstatic.com/media/7cb05b_fd988ff5f88d40989f8087f32b511142~mv2.jpg,goal
6,flower,critical,A,75,flower75.jpg,low,Sam wants to try out her new blue marker on this card.,21;5,flower75.mp4,//video.wixstatic.com/video/7cb05b_95f777d6ed604ed8b1dd1ef38dc6cc94/144p/mp4/file.mp4,//static.wixstatic.com/media/7cb05b_4ba5dd54f1a74b07b346f0cf013162d0~mv2.png,goal
7,stack,critical,A,25,stack25.jpg,low,George needs a platform for his doll to sit on.,21;5,stack25.mp4,//video.wixstatic.com/video/7cb05b_8008e8bdf8b546e3b93d673605c8c4c7/144p/mp4/file.mp4,//static.wixstatic.com/media/7cb05b_a828b9ca5fe24cc39fbfa3a65f4a1a66~mv2.png,goal
8,cucumber,critical,A,50,cucumber51.jpg,low,Luna needs to prepare a cucumber snack for her toddler.,33;3,cucumber50.mp4,//video.wixstatic.com/video/7cb05b_c22f614071f64858a24d200d324da418/144p/mp4/file.mp4,//static.wixstatic.com/media/7cb05b_5101039d01494071ae4f3dea883a268b~mv2.png,goal
9,cake,critical,A,75,cake75.jpg,low,Amy wants to watch her calories.,33;3,cake75.mp4,//video.wixstatic.com/video/7cb05b_b36236eeceab45f694181c7c82858606/144p/mp4/file.mp4,//static.wixstatic.com/media/7cb05b_fd988ff5f88d40989f8087f32b511142~mv2.jpg,goal
10,train,critical,A,25,train25.jpg,low,Tom wants to make sure the train wheels turn smoothly.,21;5,train25.mp4,//video.wixstatic.com/video/7cb05b_8e58129c115249828969656ee129229b/144p/mp4/file.mp4,//static.wixstatic.com/media/7cb05b_4ba5dd54f1a74b07b346f0cf013162d0~mv2.png,goal
11,beads,critical,A,50,beads50.jpg,low,Julia needs to see if the string is thin enough for the beads.,21;5,beads50.mp4,//video.wixstatic.com/video/7cb05b_dad057b735a0434f8a5837608d065948/144p/mp4/file.mp4,//static.wixstatic.com/media/7cb05b_a828b9ca5fe24cc39fbfa3a65f4a1a66~mv2.png,goal
12,erase,critical,A,75,erase75.jpg,low,Nate needs to draw a tree on the whiteboard.,33;3,erase75.mp4,//video.wixstatic.com/video/7cb05b_b7dbef34cead419e84f81383ea185755/144p/mp4/file.mp4,//static.wixstatic.com/media/7cb05b_5101039d01494071ae4f3dea883a268b~mv2.png,goal
13,mix,critical,A,25,mix25.jpg,low,Frank needs to make an ombre design.,21;5,mix25.mp4,//video.wixstatic.com/video/7cb05b_df4080d23cf1455c83afba4febf55e01/144p/mp4/file.mp4,//static.wixstatic.com/media/7cb05b_fd988ff5f88d40989f8087f32b511142~mv2.jpg,goal
14,cover,critical,A,50,cover51.jpg,low,Eve wants to tuck the stuffed animal in.,33;3,cover50.mp4,//video.wixstatic.com/video/7cb05b_1ad91a726f3441f7b0f49c49d4413cbc/144p/mp4/file.mp4,//static.wixstatic.com/media/7cb05b_4ba5dd54f1a74b07b346f0cf013162d0~mv2.png,goal
15,zip,critical,A,75,zip75.jpg,low,Isaac needs to slip his pencil into the bag,21;5,zip75.mp4,//video.wixstatic.com/video/7cb05b_d39ac9b71dda43f185556441a69478dc/144p/mp4/file.mp4,//static.wixstatic.com/media/7cb05b_a828b9ca5fe24cc39fbfa3a65f4a1a66~mv2.png,goal
16,blinds,critical,A,25,blinds24.jpg,low,Cara wants to peek outside.,33;3,blinds25.mp4,//video.wixstatic.com/video/7cb05b_b93255746a134a00b376c63819b666f9/144p/mp4/file.mp4,//static.wixstatic.com/media/7cb05b_5101039d01494071ae4f3dea883a268b~mv2.png,goal
17,roll,critical,A,50,roll50.jpg,low,Ethan needs to see if the towel has a design.,21;5,roll50.mp4,//video.wixstatic.com/video/7cb05b_1bce08b4590b4220a55345806c13dcf8/360p/mp4/file.mp4,//static.wixstatic.com/media/7cb05b_fd988ff5f88d40989f8087f32b511142~mv2.jpg,goal
18,ball,critical,A,75,ball75.jpg,low,Max wants to move the ball.,21;5,ball75.mp4,//video.wixstatic.com/video/7cb05b_48bac5b998dd4e9ebf4f4ca9e463b61f/144p/mp4/file.mp4,//static.wixstatic.com/media/7cb05b_4ba5dd54f1a74b07b346f0cf013162d0~mv2.png,goal
19,cup,filler,A,25,cup25.jpg,GoalA,Henry wants to make a cup.,21;5,cup25.mp4,//video.wixstatic.com/video/7cb05b_93f96d3577194ada8f966b65a511ba6e/144p/mp4/file.mp4,//static.wixstatic.com/media/7cb05b_a828b9ca5fe24cc39fbfa3a65f4a1a66~mv2.png,goal
20,cat,filler,A,50,cat50.jpg,GoalB,Dan needs to draw a dog.,21;5,cat50.mp4,//video.wixstatic.com/video/7cb05b_f64416f16b294d35b34b492c0dc6422f/144p/mp4/file.mp4,//static.wixstatic.com/media/7cb05b_5101039d01494071ae4f3dea883a268b~mv2.png,goal
21,visit,filler,A,75,visit75.jpg,GoalA,Zoe wants the frog to visit the house.,21;5,visit75.mp4,//video.wixstatic.com/video/7cb05b_653ce6d3890c41b780dc5ddb6f0057ff/144p/mp4/file.mp4,//static.wixstatic.com/media/7cb05b_fd988ff5f88d40989f8087f32b511142~mv2.jpg,goal
22,wall,filler,A,25,wall25.jpg,GoalB,Lisa needs to build a bridge,21;5,wall25.mp4,//video.wixstatic.com/video/7cb05b_9e0b904ee8f6483fb00cf202e1d51717/144p/mp4/file.mp4,//static.wixstatic.com/media/7cb05b_4ba5dd54f1a74b07b346f0cf013162d0~mv2.png,goal
23,color,filler,A,50,color50.jpg,GoalA,Susie needs to color the boat red.,21;5,color50.mp4,//video.wixstatic.com/video/7cb05b_731d5e043d084e6fbdca255e5ecfa264/144p/mp4/file.mp4,//static.wixstatic.com/media/7cb05b_a828b9ca5fe24cc39fbfa3a65f4a1a66~mv2.png,goal
24,match,filler,A,75,match75.jpg,GoalB,Paul needs to match the pieces of the giraffe together,21;5,match75.mp4,//video.wixstatic.com/video/7cb05b_01f2598378a54c6696ad55df44a6cc1e/144p/mp4/file.mp4,//static.wixstatic.com/media/7cb05b_5101039d01494071ae4f3dea883a268b~mv2.png,goal
25,house,filler,A,25,house25.jpg,GoalA,Robert wants to draw a house.,21;5,house25.mp4,//video.wixstatic.com/video/7cb05b_1f5436e836a542fe878e14e056bb739c/144p/mp4/file.mp4,//static.wixstatic.com/media/7cb05b_fd988ff5f88d40989f8087f32b511142~mv2.jpg,goal
26,sandwich,filler,A,50,sandwich50.jpg,GoalB,Chris wants to make a peanut butter and banana sandwich,21;5,sandwich50.mp4,//video.wixstatic.com/video/7cb05b_c0ae772e0c834bd5a302ea540841c143/144p/mp4/file.mp4,//static.wixstatic.com/media/7cb05b_4ba5dd54f1a74b07b346f0cf013162d0~mv2.png,goal
27,square,filler,A,75,square75.jpg,GoalA,Harry needs to make a square.,21;5,square75.mp4,//video.wixstatic.com/video/7cb05b_41aae65ca27d43c3a89b5e46732d18ff/144p/mp4/file.mp4,//static.wixstatic.com/media/7cb05b_a828b9ca5fe24cc39fbfa3a65f4a1a66~mv2.png,goal
28,sort,filler,A,25,sort25.jpg,GoalB,Ben needs to separate the toys by color.,21;5,sort25.mp4,//video.wixstatic.com/video/7cb05b_24da2beb17994d4488f51c8cadf17aa9/144p/mp4/file.mp4,//static.wixstatic.com/media/7cb05b_5101039d01494071ae4f3dea883a268b~mv2.png,goal
29,frog,filler,A,50,frog50.jpg,GoalA,The frog is spinning in a circle.,21;5,frog50.mp4,//video.wixstatic.com/video/7cb05b_f3331a7c835f41e29552793a56f8f187/144p/mp4/file.mp4,//static.wixstatic.com/media/7cb05b_fd988ff5f88d40989f8087f32b511142~mv2.jpg,goal
1,vase,critical,B,50,vase50.jpg,low,Adam wants to put flowers in this vase.,21;5,vase50.mp4,//video.wixstatic.com/video/7cb05b_908b4414a4764164ad9b500dd42bc4b5/144p/mp4/file.mp4,//static.wixstatic.com/media/7cb05b_4ba5dd54f1a74b07b346f0cf013162d0~mv2.png,goal
2,door,critical,B,75,door75.jpg,low,Matthew needs to eavesdrop on a conversation in the hallway.,21;5,door75.mp4,//video.wixstatic.com/video/7cb05b_57ef05e7baa246799eef6f6df01d006f/360p/mp4/file.mp4,//static.wixstatic.com/media/7cb05b_a828b9ca5fe24cc39fbfa3a65f4a1a66~mv2.png,goal
3,clean,critical,B,25,clean25.jpg,low,Grace wants make a bit more space on her desk.,21;5,clean25.mp4,//video.wixstatic.com/video/7cb05b_c19ac3a6f09242d18b2686cb97ced1ad/144p/mp4/file.mp4,//static.wixstatic.com/media/7cb05b_5101039d01494071ae4f3dea883a268b~mv2.png,goal
4,candy,critical,B,50,candy50.jpg,low,Mary wants a small snack.,21;5,candy50.mp4,//video.wixstatic.com/video/7cb05b_a61200eb764d47e397f1ae8e36dc13e1/144p/mp4/file.mp4,//static.wixstatic.com/media/7cb05b_fd988ff5f88d40989f8087f32b511142~mv2.jpg,goal
5,book,critical,B,75,book75.jpg,low,Alex wants to decide whether or not he likes the introduction.,21;5,book75.mp4,//video.wixstatic.com/video/7cb05b_0d6c242c9fef44f283affe86c1a4e791/144p/mp4/file.mp4,//static.wixstatic.com/media/7cb05b_4ba5dd54f1a74b07b346f0cf013162d0~mv2.png,goal
6,flower,critical,B,25,flower25.jpg,low,Sam wants to try out her new blue marker on this card.,21;5,flower25.mp4,//video.wixstatic.com/video/7cb05b_6dcbf29e9032420083427c103ba25246/144p/mp4/file.mp4,//static.wixstatic.com/media/7cb05b_a828b9ca5fe24cc39fbfa3a65f4a1a66~mv2.png,goal
7,stack,critical,B,50,stack50.jpg,low,George needs a platform for his doll to sit on.,21;5,stack50.mp4,//video.wixstatic.com/video/7cb05b_700fb1d347fe42138db01f6aeef1d2e2/144p/mp4/file.mp4,//static.wixstatic.com/media/7cb05b_5101039d01494071ae4f3dea883a268b~mv2.png,goal
8,cucumber,critical,B,75,cucumber75.jpg,low,Luna needs to prepare a cucumber snack for her toddler.,33;3,cucumber75.mp4,//video.wixstatic.com/video/7cb05b_4d406953a8bc44079ad98b394076ece4/144p/mp4/file.mp4,//static.wixstatic.com/media/7cb05b_fd988ff5f88d40989f8087f32b511142~mv2.jpg,goal
9,cake,critical,B,25,cake24.jpg,low,Amy wants to watch her calories.,33;3,cake25.mp4,//video.wixstatic.com/video/7cb05b_594d6d1ccc294636b8074f601d9132f8/144p/mp4/file.mp4,//static.wixstatic.com/media/7cb05b_4ba5dd54f1a74b07b346f0cf013162d0~mv2.png,goal
10,train,critical,B,50,train50.jpg,low,Tom wants to make sure the train wheels turn smoothly.,21;5,train50.mp4,//video.wixstatic.com/video/7cb05b_d48edcecf8b14584a9cb0afa30ee3009/144p/mp4/file.mp4,//static.wixstatic.com/media/7cb05b_a828b9ca5fe24cc39fbfa3a65f4a1a66~mv2.png,goal
11,beads,critical,B,75,beads75.jpg,low,Julia needs to see if the string is thin enough for the beads.,21;5,beads75.mp4,//video.wixstatic.com/video/7cb05b_2d07204f9f1e45b0ad41e9ade1a6bd9f/144p/mp4/file.mp4,//static.wixstatic.com/media/7cb05b_5101039d01494071ae4f3dea883a268b~mv2.png,goal
12,erase,critical,B,25,erase24.jpg,low,Nate needs to draw a tree on the whiteboard.,33;3,erase25.mp4,//video.wixstatic.com/video/7cb05b_15117c5f59ab40f9a261538bd37ff49e/144p/mp4/file.mp4,//static.wixstatic.com/media/7cb05b_fd988ff5f88d40989f8087f32b511142~mv2.jpg,goal
13,mix,critical,B,50,mix50.jpg,low,Frank needs to make an ombre design.,21;5,mix50.mp4,//video.wixstatic.com/video/7cb05b_b83b321fb4c548678a8493b1fd6cff8a/144p/mp4/file.mp4,//static.wixstatic.com/media/7cb05b_4ba5dd54f1a74b07b346f0cf013162d0~mv2.png,goal
14,cover,critical,B,75,cover75.jpg,low,Eve wants to tuck the stuffed animal in.,33;3,cover75.mp4,//video.wixstatic.com/video/7cb05b_d929ed16d87b4cebb1fc277b75f22718/144p/mp4/file.mp4,//static.wixstatic.com/media/7cb05b_a828b9ca5fe24cc39fbfa3a65f4a1a66~mv2.png,goal
15,zip,critical,B,25,zip25.jpg,low,Isaac needs to slip his pencil into the bag,21;5,zip25.mp4,//video.wixstatic.com/video/7cb05b_80e553d605d44c5cab5181cdf2c1ef0a/144p/mp4/file.mp4,//static.wixstatic.com/media/7cb05b_5101039d01494071ae4f3dea883a268b~mv2.png,goal
16,blinds,critical,B,50,blinds51.jpg,low,Cara wants to peek outside.,33;3,blinds50.mp4,//video.wixstatic.com/video/7cb05b_db81dc3a228440ef8f09038c11127c20/144p/mp4/file.mp4,//static.wixstatic.com/media/7cb05b_fd988ff5f88d40989f8087f32b511142~mv2.jpg,goal
17,roll,critical,B,75,roll75.jpg,low,Ethan needs to see if the towel has a design.,21;5,roll75.mp4,//video.wixstatic.com/video/7cb05b_7edd1bd6cb664f45a39dcd182b91cada/360p/mp4/file.mp4,//static.wixstatic.com/media/7cb05b_4ba5dd54f1a74b07b346f0cf013162d0~mv2.png,goal
18,ball,critical,B,25,ball25.jpg,low,Max wants to move the ball.,21;5,ball25.mp4,//video.wixstatic.com/video/7cb05b_6d67390e18ba42818cfe1c88b3f86c35/144p/mp4/file.mp4,//static.wixstatic.com/media/7cb05b_a828b9ca5fe24cc39fbfa3a65f4a1a66~mv2.png,goal
19,cup,filler,B,50,cup50.jpg,GoalA,Henry wants to make a cup.,21;5,cup50.mp4,//video.wixstatic.com/video/7cb05b_68101cdc682943a4926f6670401fdcb5/144p/mp4/file.mp4,//static.wixstatic.com/media/7cb05b_5101039d01494071ae4f3dea883a268b~mv2.png,goal
20,cat,filler,B,75,cat75.jpg,GoalB,Dan needs to draw a dog.,21;5,cat75.mp4,//video.wixstatic.com/video/7cb05b_1e19528511b44d299f6d5885e280e261/144p/mp4/file.mp4,//static.wixstatic.com/media/7cb05b_fd988ff5f88d40989f8087f32b511142~mv2.jpg,goal
21,visit,filler,B,25,visit25.jpg,GoalA,Zoe wants the frog to visit the house.,21;5,visit25.mp4,//video.wixstatic.com/video/7cb05b_5848049a9f05499283c264d6e218a73f/144p/mp4/file.mp4,//static.wixstatic.com/media/7cb05b_4ba5dd54f1a74b07b346f0cf013162d0~mv2.png,goal
22,wall,filler,B,50,wall50.jpg,GoalB,Lisa needs to build a bridge,21;5,wall50.mp4,//video.wixstatic.com/video/7cb05b_afbe2922111e4be5b386f1d79c1c48e9/144p/mp4/file.mp4,//static.wixstatic.com/media/7cb05b_a828b9ca5fe24cc39fbfa3a65f4a1a66~mv2.png,goal
23,color,filler,B,75,color75.jpg,GoalA,Susie needs to color the boat red.,21;5,color75.mp4,//video.wixstatic.com/video/7cb05b_c858fc6e00d845f8a927e24b58124d0f/144p/mp4/file.mp4,//static.wixstatic.com/media/7cb05b_5101039d01494071ae4f3dea883a268b~mv2.png,goal
24,match,filler,B,25,match25.jpg,GoalB,Paul needs to match the pieces of the giraffe together,21;5,match25.mp4,//video.wixstatic.com/video/7cb05b_45f40e387ecb4f8f86ea7ba78243c537/144p/mp4/file.mp4,//static.wixstatic.com/media/7cb05b_fd988ff5f88d40989f8087f32b511142~mv2.jpg,goal
25,house,filler,B,50,house50.jpg,GoalA,Robert wants to draw a house.,21;5,house50.mp4,//video.wixstatic.com/video/7cb05b_f3fab983f2d94478a4207da6963bd19f/144p/mp4/file.mp4,//static.wixstatic.com/media/7cb05b_4ba5dd54f1a74b07b346f0cf013162d0~mv2.png,goal
26,sandwich,filler,B,75,sandwich75.jpg,GoalB,Chris wants to make a peanut butter and banana sandwich,21;5,sandwich75.mp4,//video.wixstatic.com/video/7cb05b_bfbe935a75f940cf91f125e0443ac369/144p/mp4/file.mp4,//static.wixstatic.com/media/7cb05b_a828b9ca5fe24cc39fbfa3a65f4a1a66~mv2.png,goal
27,square,filler,B,25,square25.jpg,GoalA,Harry needs to make a square.,21;5,square25.mp4,//video.wixstatic.com/video/7cb05b_7d016bdcb2fc4c0e9f9b8199c36c44b8/144p/mp4/file.mp4,//static.wixstatic.com/media/7cb05b_5101039d01494071ae4f3dea883a268b~mv2.png,goal
28,sort,filler,B,50,sort50.jpg,GoalB,Ben needs to separate the toys by color.,21;5,sort50.mp4,//video.wixstatic.com/video/7cb05b_9dcdbf4445e94f7aa6d2c0fc099bb7fc/144p/mp4/file.mp4,//static.wixstatic.com/media/7cb05b_fd988ff5f88d40989f8087f32b511142~mv2.jpg,goal
29,frog,filler,B,75,frog75.jpg,GoalA,The frog is spinning in a circle.,21;5,frog75.mp4,//video.wixstatic.com/video/7cb05b_c9faf7a6b0cd45cea005a769ac6bfe23/144p/mp4/file.mp4,//static.wixstatic.com/media/7cb05b_4ba5dd54f1a74b07b346f0cf013162d0~mv2.png,goal
1,vase,critical,C,75,vase75.jpg,low,Adam wants to put flowers in this vase.,21;5,vase75.mp4,//video.wixstatic.com/video/7cb05b_be0dad884d5a445ea6b4e0dfcca0b1b4/144p/mp4/file.mp4,//static.wixstatic.com/media/7cb05b_a828b9ca5fe24cc39fbfa3a65f4a1a66~mv2.png,goal
2,door,critical,C,25,door25.jpg,low,Matthew needs to eavesdrop on a conversation in the hallway.,21;5,door25.mp4,//video.wixstatic.com/video/7cb05b_7b53f32ef7db4fe19aefbb0e96a4af25/360p/mp4/file.mp4,//static.wixstatic.com/media/7cb05b_5101039d01494071ae4f3dea883a268b~mv2.png,goal
3,clean,critical,C,50,clean50.jpg,low,Grace wants make a bit more space on her desk.,21;5,clean50.mp4,//video.wixstatic.com/video/7cb05b_7914249eff6f404484e7965f8e0d44d7/144p/mp4/file.mp4,//static.wixstatic.com/media/7cb05b_fd988ff5f88d40989f8087f32b511142~mv2.jpg,goal
4,candy,critical,C,75,candy75.jpg,low,Mary wants a small snack.,21;5,candy75.mp4,//video.wixstatic.com/video/7cb05b_ca7998f8527b45fda918748485b00d23/144p/mp4/file.mp4,//static.wixstatic.com/media/7cb05b_4ba5dd54f1a74b07b346f0cf013162d0~mv2.png,goal
5,book,critical,C,25,book25.jpg,low,Alex wants to decide whether or not he likes the introduction.,21;5,book25.mp4,//video.wixstatic.com/video/7cb05b_fb852d94ebfb40c1878f0b9a9820478c/144p/mp4/file.mp4,//static.wixstatic.com/media/7cb05b_a828b9ca5fe24cc39fbfa3a65f4a1a66~mv2.png,goal
6,flower,critical,C,50,flower50.jpg,low,Sam wants to try out her new blue marker on this card.,21;5,flower50.mp4,//video.wixstatic.com/video/7cb05b_be36d330fe0f4e3c80f99a141de080f3/144p/mp4/file.mp4,//static.wixstatic.com/media/7cb05b_5101039d01494071ae4f3dea883a268b~mv2.png,goal
7,stack,critical,C,75,stack75.jpg,low,George needs a platform for his doll to sit on.,21;5,stack75.mp4,//video.wixstatic.com/video/7cb05b_4a3fbaa34e774205af0edfb6da7ee00c/144p/mp4/file.mp4,//static.wixstatic.com/media/7cb05b_fd988ff5f88d40989f8087f32b511142~mv2.jpg,goal
8,cucumber,critical,C,25,cucumber24.jpg,low,Luna needs to prepare a cucumber snack for her toddler.,33;3,cucumber25.mp4,//video.wixstatic.com/video/7cb05b_e7c5ab8e2e5544369d41eda77899d42c/144p/mp4/file.mp4,//static.wixstatic.com/media/7cb05b_4ba5dd54f1a74b07b346f0cf013162d0~mv2.png,goal
9,cake,critical,C,50,cake51.jpg,low,Amy wants to watch her calories.,33;3,cake50.mp4,//video.wixstatic.com/video/7cb05b_573c2d02dbc14780855d2f02d2dd1349/144p/mp4/file.mp4,//static.wixstatic.com/media/7cb05b_a828b9ca5fe24cc39fbfa3a65f4a1a66~mv2.png,goal
10,train,critical,C,75,train75.jpg,low,Tom wants to make sure the train wheels turn smoothly.,21;5,train75.mp4,//video.wixstatic.com/video/7cb05b_3423b7c86d15486cadc150c1e138c4e9/144p/mp4/file.mp4,//static.wixstatic.com/media/7cb05b_5101039d01494071ae4f3dea883a268b~mv2.png,goal
11,beads,critical,C,25,beads25.jpg,low,Julia needs to see if the string is thin enough for the beads.,21;5,beads25.mp4,//video.wixstatic.com/video/7cb05b_3f21f7fd02324632aee364065cd83304/144p/mp4/file.mp4,//static.wixstatic.com/media/7cb05b_fd988ff5f88d40989f8087f32b511142~mv2.jpg,goal
12,erase,critical,C,50,erase51.jpg,low,Nate needs to draw a tree on the whiteboard.,33;3,erase50.mp4,//video.wixstatic.com/video/7cb05b_5afcc17f51094530ab7021c2789e8793/144p/mp4/file.mp4,//static.wixstatic.com/media/7cb05b_4ba5dd54f1a74b07b346f0cf013162d0~mv2.png,goal
13,mix,critical,C,75,mix75.jpg,low,Frank needs to make an ombre design.,21;5,mix75.mp4,//video.wixstatic.com/video/7cb05b_bc43fcea59df460f90150448f82a6221/144p/mp4/file.mp4,//static.wixstatic.com/media/7cb05b_a828b9ca5fe24cc39fbfa3a65f4a1a66~mv2.png,goal
14,cover,critical,C,25,cover24.jpg,low,Eve wants to tuck the stuffed animal in.,33;3,cover25.mp4,//video.wixstatic.com/video/7cb05b_797a1a9c2afb4fb6ba509d896790fa04/144p/mp4/file.mp4,//static.wixstatic.com/media/7cb05b_5101039d01494071ae4f3dea883a268b~mv2.png,goal
15,zip,critical,C,50,zip50.jpg,low,Isaac needs to slip his pencil into the bag,21;5,zip50.mp4,//video.wixstatic.com/video/7cb05b_c1960ba91da64ef6a064bdb258d8ff22/144p/mp4/file.mp4,//static.wixstatic.com/media/7cb05b_fd988ff5f88d40989f8087f32b511142~mv2.jpg,goal
16,blinds,critical,C,75,blinds75.jpg,low,Cara wants to peek outside.,33;3,blinds75.mp4,//video.wixstatic.com/video/7cb05b_e31fe48fdd6d44a08a6c0e440e9238e9/144p/mp4/file.mp4,//static.wixstatic.com/media/7cb05b_4ba5dd54f1a74b07b346f0cf013162d0~mv2.png,goal
17,roll,critical,C,25,roll25.jpg,low,Ethan needs to see if the towel has a design.,21;5,roll25.mp4,//video.wixstatic.com/video/7cb05b_d8846699a38440a086c65575cab72415/360p/mp4/file.mp4,//static.wixstatic.com/media/7cb05b_a828b9ca5fe24cc39fbfa3a65f4a1a66~mv2.png,goal
18,ball,critical,C,50,ball50.jpg,low,Max wants to move the ball.,21;5,ball50.mp4,//video.wixstatic.com/video/7cb05b_69b3c7fd71884a5cb8b5ade74713ab6c/144p/mp4/file.mp4,//static.wixstatic.com/media/7cb05b_5101039d01494071ae4f3dea883a268b~mv2.png,goal
19,cup,filler,C,75,cup75.jpg,GoalA,Henry wants to make a cup.,21;5,cup75.mp4,//video.wixstatic.com/video/7cb05b_54fd8f0da5f447a280690aa5fdfbbf36/144p/mp4/file.mp4,//static.wixstatic.com/media/7cb05b_fd988ff5f88d40989f8087f32b511142~mv2.jpg,goal
20,cat,filler,C,25,cat25.jpg,GoalB,Dan needs to draw a dog.,21;5,cat25.mp4,//video.wixstatic.com/video/7cb05b_4e5f4a6e505442288edd719424e2e074/144p/mp4/file.mp4,//static.wixstatic.com/media/7cb05b_4ba5dd54f1a74b07b346f0cf013162d0~mv2.png,goal
21,visit,filler,C,50,visit50.jpg,GoalA,Zoe wants the frog to visit the house.,21;5,visit50.mp4,//video.wixstatic.com/video/7cb05b_70e5f30c0a644c55971f0e2e11496b48/144p/mp4/file.mp4,//static.wixstatic.com/media/7cb05b_a828b9ca5fe24cc39fbfa3a65f4a1a66~mv2.png,goal
22,wall,filler,C,75,wall75.jpg,GoalB,Lisa needs to build a bridge,21;5,wall75.mp4,//video.wixstatic.com/video/7cb05b_02b3fa5f80da48a1b044c7e2ecff91bf/144p/mp4/file.mp4,//static.wixstatic.com/media/7cb05b_5101039d01494071ae4f3dea883a268b~mv2.png,goal
23,color,filler,C,25,color25.jpg,GoalA,Susie needs to color the boat red.,21;5,color25.mp4,//video.wixstatic.com/video/7cb05b_7f9bc83ad5974a06b394329a89a6d394/144p/mp4/file.mp4,//static.wixstatic.com/media/7cb05b_fd988ff5f88d40989f8087f32b511142~mv2.jpg,goal
24,match,filler,C,50,match50.jpg,GoalB,Paul needs to match the pieces of the giraffe together,21;5,match50.mp4,//video.wixstatic.com/video/7cb05b_2a1b3b5ba7b443c796592d89b75d0376/144p/mp4/file.mp4,//static.wixstatic.com/media/7cb05b_4ba5dd54f1a74b07b346f0cf013162d0~mv2.png,goal
25,house,filler,C,75,house75.jpg,GoalA,Robert wants to draw a house.,21;5,house75.mp4,//video.wixstatic.com/video/7cb05b_43f9d61983484192a6bb99bd0671ca6f/144p/mp4/file.mp4,//static.wixstatic.com/media/7cb05b_a828b9ca5fe24cc39fbfa3a65f4a1a66~mv2.png,goal
26,sandwich,filler,C,25,sandwich25.jpg,GoalB,Chris wants to make a peanut butter and banana sandwich,21;5,sandwich25.mp4,//video.wixstatic.com/video/7cb05b_4d7a0a03c1a047bb8d468c7dbb563c71/144p/mp4/file.mp4,//static.wixstatic.com/media/7cb05b_5101039d01494071ae4f3dea883a268b~mv2.png,goal
27,square,filler,C,50,square50.jpg,GoalA,Harry needs to make a square.,21;5,square50.mp4,//video.wixstatic.com/video/7cb05b_171840eb277a4ada98d979b740149974/144p/mp4/file.mp4,//static.wixstatic.com/media/7cb05b_fd988ff5f88d40989f8087f32b511142~mv2.jpg,goal
28,sort,filler,C,75,sort75.jpg,GoalB,Ben needs to separate the toys by color.,21;5,sort75.mp4,//video.wixstatic.com/video/7cb05b_a0cc744a40f145fbb6b35bec186c08af/144p/mp4/file.mp4,//static.wixstatic.com/media/7cb05b_4ba5dd54f1a74b07b346f0cf013162d0~mv2.png,goal
29,frog,filler,C,25,frog25.jpg,GoalA,The frog is spinning in a circle.,21;5,frog25.mp4,//video.wixstatic.com/video/7cb05b_5fcc35c40aae45439c79d6a097f96fae/144p/mp4/file.mp4,//static.wixstatic.com/media/7cb05b_a828b9ca5fe24cc39fbfa3a65f4a1a66~mv2.png,goal
1,vase,critical,D,25,vase25.jpg,high,Adam wants to collect water in this vase before a water shut off.,21;5,vase25.mp4,//video.wixstatic.com/video/7cb05b_9599739960c14947a96d025f7919876b/144p/mp4/file.mp4,//static.wixstatic.com/media/7cb05b_5101039d01494071ae4f3dea883a268b~mv2.png,goal
2,door,critical,D,50,door50.jpg,high,Matthew needs to carry a sofa into the next room.,21;5,door50.mp4,//video.wixstatic.com/video/7cb05b_dcd8f00777a24faa984bd3d63a0e3212/360p/mp4/file.mp4,//static.wixstatic.com/media/7cb05b_fd988ff5f88d40989f8087f32b511142~mv2.jpg,goal
3,clean,critical,D,75,clean75.jpg,high,Grace wants to clear her desk.,21;5,clean75.mp4,//video.wixstatic.com/video/7cb05b_c1ba5b27a9ea462cb210e27f7a145c7e/144p/mp4/file.mp4,//static.wixstatic.com/media/7cb05b_4ba5dd54f1a74b07b346f0cf013162d0~mv2.png,goal
4,candy,critical,D,25,candy25.jpg,high,Mary wants a big snack.,21;5,candy25.mp4,//video.wixstatic.com/video/7cb05b_b50614592c1547629d54eeeda550adae/144p/mp4/file.mp4,//static.wixstatic.com/media/7cb05b_a828b9ca5fe24cc39fbfa3a65f4a1a66~mv2.png,goal
5,book,critical,D,50,book50.jpg,high,Alex wants to write a book report for class.,21;5,book50.mp4,//video.wixstatic.com/video/7cb05b_9ca6619cfd454522accc8f2494873528/144p/mp4/file.mp4,//static.wixstatic.com/media/7cb05b_5101039d01494071ae4f3dea883a268b~mv2.png,goal
6,flower,critical,D,75,flower75.jpg,high,Sam wants to make a blue flower for her friend.,21;5,flower75.mp4,//video.wixstatic.com/video/7cb05b_95f777d6ed604ed8b1dd1ef38dc6cc94/144p/mp4/file.mp4,//static.wixstatic.com/media/7cb05b_fd988ff5f88d40989f8087f32b511142~mv2.jpg,goal
7,stack,critical,D,25,stack25.jpg,high,George needs to make the tallest pile.,21;5,stack25.mp4,//video.wixstatic.com/video/7cb05b_8008e8bdf8b546e3b93d673605c8c4c7/144p/mp4/file.mp4,//static.wixstatic.com/media/7cb05b_4ba5dd54f1a74b07b346f0cf013162d0~mv2.png,goal
8,cucumber,critical,D,50,cucumber51.jpg,high,Luna needs to make a cucumber salad for the family dinner.,33;3,cucumber50.mp4,//video.wixstatic.com/video/7cb05b_c22f614071f64858a24d200d324da418/144p/mp4/file.mp4,//static.wixstatic.com/media/7cb05b_a828b9ca5fe24cc39fbfa3a65f4a1a66~mv2.png,goal
9,cake,critical,D,75,cake75.jpg,high,Amy wants to indulge her sweet tooth.,33;3,cake75.mp4,//video.wixstatic.com/video/7cb05b_b36236eeceab45f694181c7c82858606/144p/mp4/file.mp4,//static.wixstatic.com/media/7cb05b_5101039d01494071ae4f3dea883a268b~mv2.png,goal
10,train,critical,D,25,train25.jpg,high,Tom wants the train to fall off the table.,21;5,train25.mp4,//video.wixstatic.com/video/7cb05b_8e58129c115249828969656ee129229b/144p/mp4/file.mp4,//static.wixstatic.com/media/7cb05b_fd988ff5f88d40989f8087f32b511142~mv2.jpg,goal
11,beads,critical,D,50,beads50.jpg,high,Julia needs to see if the string is long enough for the beads.,21;5,beads50.mp4,//video.wixstatic.com/video/7cb05b_dad057b735a0434f8a5837608d065948/144p/mp4/file.mp4,//static.wixstatic.com/media/7cb05b_4ba5dd54f1a74b07b346f0cf013162d0~mv2.png,goal
12,erase,critical,D,75,erase75.jpg,high,Nate needs to draw a forest on the whiteboard.,33;3,erase75.mp4,//video.wixstatic.com/video/7cb05b_b7dbef34cead419e84f81383ea185755/144p/mp4/file.mp4,//static.wixstatic.com/media/7cb05b_a828b9ca5fe24cc39fbfa3a65f4a1a66~mv2.png,goal
13,mix,critical,D,25,mix25.jpg,high,Frank needs to make a new paint color.,21;5,mix25.mp4,//video.wixstatic.com/video/7cb05b_df4080d23cf1455c83afba4febf55e01/144p/mp4/file.mp4,//static.wixstatic.com/media/7cb05b_5101039d01494071ae4f3dea883a268b~mv2.png,goal
14,cover,critical,D,50,cover51.jpg,high,Eve wants to hide the stuffed animal.,33;3,cover50.mp4,//video.wixstatic.com/video/7cb05b_1ad91a726f3441f7b0f49c49d4413cbc/144p/mp4/file.mp4,//static.wixstatic.com/media/7cb05b_fd988ff5f88d40989f8087f32b511142~mv2.jpg,goal
15,zip,critical,D,75,zip75.jpg,high,Isaac needs to search the bag for his sweater.,21;5,zip75.mp4,//video.wixstatic.com/video/7cb05b_d39ac9b71dda43f185556441a69478dc/144p/mp4/file.mp4,//static.wixstatic.com/media/7cb05b_4ba5dd54f1a74b07b346f0cf013162d0~mv2.png,goal
16,blinds,critical,D,25,blinds24.jpg,high,Cara wants to make the room less claustrophobic.,33;3,blinds25.mp4,//video.wixstatic.com/video/7cb05b_b93255746a134a00b376c63819b666f9/144p/mp4/file.mp4,//static.wixstatic.com/media/7cb05b_a828b9ca5fe24cc39fbfa3a65f4a1a66~mv2.png,goal
17,roll,critical,D,50,roll50.jpg,high,Ethan needs to see if the towel is dirty.,21;5,roll50.mp4,//video.wixstatic.com/video/7cb05b_1bce08b4590b4220a55345806c13dcf8/360p/mp4/file.mp4,//static.wixstatic.com/media/7cb05b_5101039d01494071ae4f3dea883a268b~mv2.png,goal
18,ball,critical,D,75,ball75.jpg,high,Max wants to hide the ball.,21;5,ball75.mp4,//video.wixstatic.com/video/7cb05b_48bac5b998dd4e9ebf4f4ca9e463b61f/144p/mp4/file.mp4,//static.wixstatic.com/media/7cb05b_fd988ff5f88d40989f8087f32b511142~mv2.jpg,goal
19,cup,filler,D,25,cup25.jpg,GoalB,Henry wants to make a bowl.,21;5,cup25.mp4,//video.wixstatic.com/video/7cb05b_93f96d3577194ada8f966b65a511ba6e/144p/mp4/file.mp4,//static.wixstatic.com/media/7cb05b_4ba5dd54f1a74b07b346f0cf013162d0~mv2.png,goal
20,cat,filler,D,50,cat50.jpg,GoalA,Dan needs to draw a cat.,21;5,cat50.mp4,//video.wixstatic.com/video/7cb05b_f64416f16b294d35b34b492c0dc6422f/144p/mp4/file.mp4,//static.wixstatic.com/media/7cb05b_a828b9ca5fe24cc39fbfa3a65f4a1a66~mv2.png,goal
21,visit,filler,D,75,visit75.jpg,GoalB,Zoe wants the frog to visit the elephant.,21;5,visit75.mp4,//video.wixstatic.com/video/7cb05b_653ce6d3890c41b780dc5ddb6f0057ff/144p/mp4/file.mp4,//static.wixstatic.com/media/7cb05b_5101039d01494071ae4f3dea883a268b~mv2.png,goal
22,wall,filler,D,25,wall25.jpg,GoalA,Lisa needs to build a wall.,21;5,wall25.mp4,//video.wixstatic.com/video/7cb05b_9e0b904ee8f6483fb00cf202e1d51717/144p/mp4/file.mp4,//static.wixstatic.com/media/7cb05b_fd988ff5f88d40989f8087f32b511142~mv2.jpg,goal
23,color,filler,D,50,color50.jpg,GoalB,Susie needs to color the boat according to the pattern,21;5,color50.mp4,//video.wixstatic.com/video/7cb05b_731d5e043d084e6fbdca255e5ecfa264/144p/mp4/file.mp4,//static.wixstatic.com/media/7cb05b_4ba5dd54f1a74b07b346f0cf013162d0~mv2.png,goal
24,match,filler,D,75,match75.jpg,GoalA,Paul needs to match the pieces of the animals together.,21;5,match75.mp4,//video.wixstatic.com/video/7cb05b_01f2598378a54c6696ad55df44a6cc1e/144p/mp4/file.mp4,//static.wixstatic.com/media/7cb05b_a828b9ca5fe24cc39fbfa3a65f4a1a66~mv2.png,goal
25,house,filler,D,25,house25.jpg,GoalB,Robert wants to draw a barn.,21;5,house25.mp4,//video.wixstatic.com/video/7cb05b_1f5436e836a542fe878e14e056bb739c/144p/mp4/file.mp4,//static.wixstatic.com/media/7cb05b_5101039d01494071ae4f3dea883a268b~mv2.png,goal
26,sandwich,filler,D,50,sandwich50.jpg,GoalA,Chris wants to make a peanut butter and jelly sandwich,21;5,sandwich50.mp4,//video.wixstatic.com/video/7cb05b_c0ae772e0c834bd5a302ea540841c143/144p/mp4/file.mp4,//static.wixstatic.com/media/7cb05b_fd988ff5f88d40989f8087f32b511142~mv2.jpg,goal
27,square,filler,D,75,square75.jpg,GoalB,Harry needs to make a circle.,21;5,square75.mp4,//video.wixstatic.com/video/7cb05b_41aae65ca27d43c3a89b5e46732d18ff/144p/mp4/file.mp4,//static.wixstatic.com/media/7cb05b_4ba5dd54f1a74b07b346f0cf013162d0~mv2.png,goal
28,sort,filler,D,25,sort25.jpg,GoalA,Ben needs to share his toys with five friends. ,21;5,sort25.mp4,//video.wixstatic.com/video/7cb05b_24da2beb17994d4488f51c8cadf17aa9/144p/mp4/file.mp4,//static.wixstatic.com/media/7cb05b_a828b9ca5fe24cc39fbfa3a65f4a1a66~mv2.png,goal
29,frog,filler,D,50,frog50.jpg,GoalB,The frog is turning back and forth.,21;5,frog50.mp4,//video.wixstatic.com/video/7cb05b_f3331a7c835f41e29552793a56f8f187/144p/mp4/file.mp4,//static.wixstatic.com/media/7cb05b_5101039d01494071ae4f3dea883a268b~mv2.png,goal
1,vase,critical,E,50,vase50.jpg,high,Adam wants to collect water in this vase before a water shut off.,21;5,vase50.mp4,//video.wixstatic.com/video/7cb05b_908b4414a4764164ad9b500dd42bc4b5/144p/mp4/file.mp4,//static.wixstatic.com/media/7cb05b_fd988ff5f88d40989f8087f32b511142~mv2.jpg,goal
2,door,critical,E,75,door75.jpg,high,Matthew needs to carry a sofa into the next room.,21;5,door75.mp4,//video.wixstatic.com/video/7cb05b_57ef05e7baa246799eef6f6df01d006f/360p/mp4/file.mp4,//static.wixstatic.com/media/7cb05b_4ba5dd54f1a74b07b346f0cf013162d0~mv2.png,goal
3,clean,critical,E,25,clean25.jpg,high,Grace wants to clear her desk.,21;5,clean25.mp4,//video.wixstatic.com/video/7cb05b_c19ac3a6f09242d18b2686cb97ced1ad/144p/mp4/file.mp4,//static.wixstatic.com/media/7cb05b_a828b9ca5fe24cc39fbfa3a65f4a1a66~mv2.png,goal
4,candy,critical,E,50,candy50.jpg,high,Mary wants a big snack.,21;5,candy50.mp4,//video.wixstatic.com/video/7cb05b_a61200eb764d47e397f1ae8e36dc13e1/144p/mp4/file.mp4,//static.wixstatic.com/media/7cb05b_5101039d01494071ae4f3dea883a268b~mv2.png,goal
5,book,critical,E,75,book75.jpg,high,Alex wants to write a book report for class.,21;5,book75.mp4,//video.wixstatic.com/video/7cb05b_0d6c242c9fef44f283affe86c1a4e791/144p/mp4/file.mp4,//static.wixstatic.com/media/7cb05b_fd988ff5f88d40989f8087f32b511142~mv2.jpg,goal
6,flower,critical,E,25,flower25.jpg,high,Sam wants to make a blue flower for her friend.,21;5,flower25.mp4,//video.wixstatic.com/video/7cb05b_6dcbf29e9032420083427c103ba25246/144p/mp4/file.mp4,//static.wixstatic.com/media/7cb05b_4ba5dd54f1a74b07b346f0cf013162d0~mv2.png,goal
7,stack,critical,E,50,stack50.jpg,high,George needs to make the tallest pile.,21;5,stack50.mp4,//video.wixstatic.com/video/7cb05b_700fb1d347fe42138db01f6aeef1d2e2/144p/mp4/file.mp4,//static.wixstatic.com/media/7cb05b_a828b9ca5fe24cc39fbfa3a65f4a1a66~mv2.png,goal
8,cucumber,critical,E,75,cucumber75.jpg,high,Luna needs to make a cucumber salad for the family dinner.,33;3,cucumber75.mp4,//video.wixstatic.com/video/7cb05b_4d406953a8bc44079ad98b394076ece4/144p/mp4/file.mp4,//static.wixstatic.com/media/7cb05b_5101039d01494071ae4f3dea883a268b~mv2.png,goal
9,cake,critical,E,25,cake24.jpg,high,Amy wants to indulge her sweet tooth.,33;3,cake25.mp4,//video.wixstatic.com/video/7cb05b_594d6d1ccc294636b8074f601d9132f8/144p/mp4/file.mp4,//static.wixstatic.com/media/7cb05b_fd988ff5f88d40989f8087f32b511142~mv2.jpg,goal
10,train,critical,E,50,train50.jpg,high,Tom wants the train to fall off the table.,21;5,train50.mp4,//video.wixstatic.com/video/7cb05b_d48edcecf8b14584a9cb0afa30ee3009/144p/mp4/file.mp4,//static.wixstatic.com/media/7cb05b_4ba5dd54f1a74b07b346f0cf013162d0~mv2.png,goal
11,beads,critical,E,75,beads75.jpg,high,Julia needs to see if the string is long enough for the beads.,21;5,beads75.mp4,//video.wixstatic.com/video/7cb05b_2d07204f9f1e45b0ad41e9ade1a6bd9f/144p/mp4/file.mp4,//static.wixstatic.com/media/7cb05b_a828b9ca5fe24cc39fbfa3a65f4a1a66~mv2.png,goal
12,erase,critical,E,25,erase24.jpg,high,Nate needs to draw a forest on the whiteboard.,33;3,erase25.mp4,//video.wixstatic.com/video/7cb05b_15117c5f59ab40f9a261538bd37ff49e/144p/mp4/file.mp4,//static.wixstatic.com/media/7cb05b_5101039d01494071ae4f3dea883a268b~mv2.png,goal
13,mix,critical,E,50,mix50.jpg,high,Frank needs to make a new paint color.,21;5,mix50.mp4,//video.wixstatic.com/video/7cb05b_b83b321fb4c548678a8493b1fd6cff8a/144p/mp4/file.mp4,//static.wixstatic.com/media/7cb05b_fd988ff5f88d40989f8087f32b511142~mv2.jpg,goal
14,cover,critical,E,75,cover75.jpg,high,Eve wants to hide the stuffed animal.,33;3,cover75.mp4,//video.wixstatic.com/video/7cb05b_d929ed16d87b4cebb1fc277b75f22718/144p/mp4/file.mp4,//static.wixstatic.com/media/7cb05b_4ba5dd54f1a74b07b346f0cf013162d0~mv2.png,goal
15,zip,critical,E,25,zip25.jpg,high,Isaac needs to search the bag for his sweater.,21;5,zip25.mp4,//video.wixstatic.com/video/7cb05b_80e553d605d44c5cab5181cdf2c1ef0a/144p/mp4/file.mp4,//static.wixstatic.com/media/7cb05b_a828b9ca5fe24cc39fbfa3a65f4a1a66~mv2.png,goal
16,blinds,critical,E,50,blinds51.jpg,high,Cara wants to make the room less claustrophobic.,33;3,blinds50.mp4,//video.wixstatic.com/video/7cb05b_db81dc3a228440ef8f09038c11127c20/144p/mp4/file.mp4,//static.wixstatic.com/media/7cb05b_5101039d01494071ae4f3dea883a268b~mv2.png,goal
17,roll,critical,E,75,roll75.jpg,high,Ethan needs to see if the towel is dirty.,21;5,roll75.mp4,//video.wixstatic.com/video/7cb05b_7edd1bd6cb664f45a39dcd182b91cada/360p/mp4/file.mp4,//static.wixstatic.com/media/7cb05b_fd988ff5f88d40989f8087f32b511142~mv2.jpg,goal
18,ball,critical,E,25,ball25.jpg,high,Max wants to hide the ball.,21;5,ball25.mp4,//video.wixstatic.com/video/7cb05b_6d67390e18ba42818cfe1c88b3f86c35/144p/mp4/file.mp4,//static.wixstatic.com/media/7cb05b_4ba5dd54f1a74b07b346f0cf013162d0~mv2.png,goal
19,cup,filler,E,50,cup50.jpg,GoalB,Henry wants to make a bowl.,21;5,cup50.mp4,//video.wixstatic.com/video/7cb05b_68101cdc682943a4926f6670401fdcb5/144p/mp4/file.mp4,//static.wixstatic.com/media/7cb05b_a828b9ca5fe24cc39fbfa3a65f4a1a66~mv2.png,goal
20,cat,filler,E,75,cat75.jpg,GoalA,Dan needs to draw a cat.,21;5,cat75.mp4,//video.wixstatic.com/video/7cb05b_1e19528511b44d299f6d5885e280e261/144p/mp4/file.mp4,//static.wixstatic.com/media/7cb05b_5101039d01494071ae4f3dea883a268b~mv2.png,goal
21,visit,filler,E,25,visit25.jpg,GoalB,Zoe wants the frog to visit the elephant.,21;5,visit25.mp4,//video.wixstatic.com/video/7cb05b_5848049a9f05499283c264d6e218a73f/144p/mp4/file.mp4,//static.wixstatic.com/media/7cb05b_fd988ff5f88d40989f8087f32b511142~mv2.jpg,goal
22,wall,filler,E,50,wall50.jpg,GoalA,Lisa needs to build a wall.,21;5,wall50.mp4,//video.wixstatic.com/video/7cb05b_afbe2922111e4be5b386f1d79c1c48e9/144p/mp4/file.mp4,//static.wixstatic.com/media/7cb05b_4ba5dd54f1a74b07b346f0cf013162d0~mv2.png,goal
23,color,filler,E,75,color75.jpg,GoalB,Susie needs to color the boat according to the pattern,21;5,color75.mp4,//video.wixstatic.com/video/7cb05b_c858fc6e00d845f8a927e24b58124d0f/144p/mp4/file.mp4,//static.wixstatic.com/media/7cb05b_a828b9ca5fe24cc39fbfa3a65f4a1a66~mv2.png,goal
24,match,filler,E,25,match25.jpg,GoalA,Paul needs to match the pieces of the animals together.,21;5,match25.mp4,//video.wixstatic.com/video/7cb05b_45f40e387ecb4f8f86ea7ba78243c537/144p/mp4/file.mp4,//static.wixstatic.com/media/7cb05b_5101039d01494071ae4f3dea883a268b~mv2.png,goal
25,house,filler,E,50,house50.jpg,GoalB,Robert wants to draw a barn.,21;5,house50.mp4,//video.wixstatic.com/video/7cb05b_f3fab983f2d94478a4207da6963bd19f/144p/mp4/file.mp4,//static.wixstatic.com/media/7cb05b_fd988ff5f88d40989f8087f32b511142~mv2.jpg,goal
26,sandwich,filler,E,75,sandwich75.jpg,GoalA,Chris wants to make a peanut butter and jelly sandwich,21;5,sandwich75.mp4,//video.wixstatic.com/video/7cb05b_bfbe935a75f940cf91f125e0443ac369/144p/mp4/file.mp4,//static.wixstatic.com/media/7cb05b_4ba5dd54f1a74b07b346f0cf013162d0~mv2.png,goal
27,square,filler,E,25,square25.jpg,GoalB,Harry needs to make a circle.,21;5,square25.mp4,//video.wixstatic.com/video/7cb05b_7d016bdcb2fc4c0e9f9b8199c36c44b8/144p/mp4/file.mp4,//static.wixstatic.com/media/7cb05b_a828b9ca5fe24cc39fbfa3a65f4a1a66~mv2.png,goal
28,sort,filler,E,50,sort50.jpg,GoalA,Ben needs to share his toys with five friends. ,21;5,sort50.mp4,//video.wixstatic.com/video/7cb05b_9dcdbf4445e94f7aa6d2c0fc099bb7fc/144p/mp4/file.mp4,//static.wixstatic.com/media/7cb05b_5101039d01494071ae4f3dea883a268b~mv2.png,goal
29,frog,filler,E,75,frog75.jpg,GoalB,The frog is turning back and forth.,21;5,frog75.mp4,//video.wixstatic.com/video/7cb05b_c9faf7a6b0cd45cea005a769ac6bfe23/144p/mp4/file.mp4,//static.wixstatic.com/media/7cb05b_fd988ff5f88d40989f8087f32b511142~mv2.jpg,goal
1,vase,critical,F,25,vase75.jpg,high,Adam wants to collect water in this vase before a water shut off.,21;5,vase75.mp4,//video.wixstatic.com/video/7cb05b_be0dad884d5a445ea6b4e0dfcca0b1b4/144p/mp4/file.mp4,//static.wixstatic.com/media/7cb05b_4ba5dd54f1a74b07b346f0cf013162d0~mv2.png,goal
2,door,critical,F,25,door25.jpg,high,Matthew needs to carry a sofa into the next room.,21;5,door25.mp4,//video.wixstatic.com/video/7cb05b_7b53f32ef7db4fe19aefbb0e96a4af25/360p/mp4/file.mp4,//static.wixstatic.com/media/7cb05b_a828b9ca5fe24cc39fbfa3a65f4a1a66~mv2.png,goal
3,clean,critical,F,50,clean50.jpg,high,Grace wants to clear her desk.,21;5,clean50.mp4,//video.wixstatic.com/video/7cb05b_7914249eff6f404484e7965f8e0d44d7/144p/mp4/file.mp4,//static.wixstatic.com/media/7cb05b_5101039d01494071ae4f3dea883a268b~mv2.png,goal
4,candy,critical,F,75,candy75.jpg,high,Mary wants a big snack.,21;5,candy75.mp4,//video.wixstatic.com/video/7cb05b_ca7998f8527b45fda918748485b00d23/144p/mp4/file.mp4,//static.wixstatic.com/media/7cb05b_fd988ff5f88d40989f8087f32b511142~mv2.jpg,goal
5,book,critical,F,25,book25.jpg,high,Alex wants to write a book report for class.,21;5,book25.mp4,//video.wixstatic.com/video/7cb05b_fb852d94ebfb40c1878f0b9a9820478c/144p/mp4/file.mp4,//static.wixstatic.com/media/7cb05b_4ba5dd54f1a74b07b346f0cf013162d0~mv2.png,goal
6,flower,critical,F,50,flower50.jpg,high,Sam wants to make a blue flower for her friend.,21;5,flower50.mp4,//video.wixstatic.com/video/7cb05b_be36d330fe0f4e3c80f99a141de080f3/144p/mp4/file.mp4,//static.wixstatic.com/media/7cb05b_a828b9ca5fe24cc39fbfa3a65f4a1a66~mv2.png,goal
7,stack,critical,F,75,stack75.jpg,high,George needs to make the tallest pile.,21;5,stack75.mp4,//video.wixstatic.com/video/7cb05b_4a3fbaa34e774205af0edfb6da7ee00c/144p/mp4/file.mp4,//static.wixstatic.com/media/7cb05b_5101039d01494071ae4f3dea883a268b~mv2.png,goal
8,cucumber,critical,F,25,cucumber24.jpg,high,Luna needs to make a cucumber salad for the family dinner.,33;3,cucumber25.mp4,//video.wixstatic.com/video/7cb05b_e7c5ab8e2e5544369d41eda77899d42c/144p/mp4/file.mp4,//static.wixstatic.com/media/7cb05b_fd988ff5f88d40989f8087f32b511142~mv2.jpg,goal
9,cake,critical,F,50,cake51.jpg,high,Amy wants to indulge her sweet tooth.,33;3,cake50.mp4,//video.wixstatic.com/video/7cb05b_573c2d02dbc14780855d2f02d2dd1349/144p/mp4/file.mp4,//static.wixstatic.com/media/7cb05b_4ba5dd54f1a74b07b346f0cf013162d0~mv2.png,goal
10,train,critical,F,75,train75.jpg,high,Tom wants the train to fall off the table.,21;5,train75.mp4,//video.wixstatic.com/video/7cb05b_3423b7c86d15486cadc150c1e138c4e9/144p/mp4/file.mp4,//static.wixstatic.com/media/7cb05b_a828b9ca5fe24cc39fbfa3a65f4a1a66~mv2.png,goal
11,beads,critical,F,25,beads25.jpg,high,Julia needs to see if the string is long enough for the beads.,21;5,beads25.mp4,//video.wixstatic.com/video/7cb05b_3f21f7fd02324632aee364065cd83304/144p/mp4/file.mp4,//static.wixstatic.com/media/7cb05b_5101039d01494071ae4f3dea883a268b~mv2.png,goal
12,erase,critical,F,50,erase51.jpg,high,Nate needs to draw a forest on the whiteboard.,33;3,erase50.mp4,//video.wixstatic.com/video/7cb05b_5afcc17f51094530ab7021c2789e8793/144p/mp4/file.mp4,//static.wixstatic.com/media/7cb05b_fd988ff5f88d40989f8087f32b511142~mv2.jpg,goal
13,mix,critical,F,75,mix75.jpg,high,Frank needs to make a new paint color.,21;5,mix75.mp4,//video.wixstatic.com/video/7cb05b_bc43fcea59df460f90150448f82a6221/144p/mp4/file.mp4,//static.wixstatic.com/media/7cb05b_4ba5dd54f1a74b07b346f0cf013162d0~mv2.png,goal
14,cover,critical,F,25,cover24.jpg,high,Eve wants to hide the stuffed animal.,33;3,cover25.mp4,//video.wixstatic.com/video/7cb05b_797a1a9c2afb4fb6ba509d896790fa04/144p/mp4/file.mp4,//static.wixstatic.com/media/7cb05b_a828b9ca5fe24cc39fbfa3a65f4a1a66~mv2.png,goal
15,zip,critical,F,50,zip50.jpg,high,Isaac needs to search the bag for his sweater.,21;5,zip50.mp4,//video.wixstatic.com/video/7cb05b_c1960ba91da64ef6a064bdb258d8ff22/144p/mp4/file.mp4,//static.wixstatic.com/media/7cb05b_5101039d01494071ae4f3dea883a268b~mv2.png,goal
16,blinds,critical,F,75,blinds75.jpg,high,Cara wants to make the room less claustrophobic.,33;3,blinds75.mp4,//video.wixstatic.com/video/7cb05b_e31fe48fdd6d44a08a6c0e440e9238e9/144p/mp4/file.mp4,//static.wixstatic.com/media/7cb05b_fd988ff5f88d40989f8087f32b511142~mv2.jpg,goal
17,roll,critical,F,25,roll25.jpg,high,Ethan needs to see if the towel is dirty.,21;5,roll25.mp4,//video.wixstatic.com/video/7cb05b_d8846699a38440a086c65575cab72415/360p/mp4/file.mp4,//static.wixstatic.com/media/7cb05b_4ba5dd54f1a74b07b346f0cf013162d0~mv2.png,goal
18,ball,critical,F,50,ball50.jpg,high,Max wants to hide the ball.,21;5,ball50.mp4,//video.wixstatic.com/video/7cb05b_69b3c7fd71884a5cb8b5ade74713ab6c/144p/mp4/file.mp4,//static.wixstatic.com/media/7cb05b_a828b9ca5fe24cc39fbfa3a65f4a1a66~mv2.png,goal
19,cup,filler,F,75,cup75.jpg,GoalB,Henry wants to make a bowl.,21;5,cup75.mp4,//video.wixstatic.com/video/7cb05b_54fd8f0da5f447a280690aa5fdfbbf36/144p/mp4/file.mp4,//static.wixstatic.com/media/7cb05b_5101039d01494071ae4f3dea883a268b~mv2.png,goal
20,cat,filler,F,25,cat25.jpg,GoalA,Dan needs to draw a cat.,21;5,cat25.mp4,//video.wixstatic.com/video/7cb05b_4e5f4a6e505442288edd719424e2e074/144p/mp4/file.mp4,//static.wixstatic.com/media/7cb05b_fd988ff5f88d40989f8087f32b511142~mv2.jpg,goal
21,visit,filler,F,50,visit50.jpg,GoalB,Zoe wants the frog to visit the elephant.,21;5,visit50.mp4,//video.wixstatic.com/video/7cb05b_70e5f30c0a644c55971f0e2e11496b48/144p/mp4/file.mp4,//static.wixstatic.com/media/7cb05b_4ba5dd54f1a74b07b346f0cf013162d0~mv2.png,goal
22,wall,filler,F,75,wall75.jpg,GoalA,Lisa needs to build a wall.,21;5,wall75.mp4,//video.wixstatic.com/video/7cb05b_02b3fa5f80da48a1b044c7e2ecff91bf/144p/mp4/file.mp4,//static.wixstatic.com/media/7cb05b_a828b9ca5fe24cc39fbfa3a65f4a1a66~mv2.png,goal
23,color,filler,F,25,color25.jpg,GoalB,Susie needs to color the boat according to the pattern,21;5,color25.mp4,//video.wixstatic.com/video/7cb05b_7f9bc83ad5974a06b394329a89a6d394/144p/mp4/file.mp4,//static.wixstatic.com/media/7cb05b_5101039d01494071ae4f3dea883a268b~mv2.png,goal
24,match,filler,F,50,match50.jpg,GoalA,Paul needs to match the pieces of the animals together.,21;5,match50.mp4,//video.wixstatic.com/video/7cb05b_2a1b3b5ba7b443c796592d89b75d0376/144p/mp4/file.mp4,//static.wixstatic.com/media/7cb05b_fd988ff5f88d40989f8087f32b511142~mv2.jpg,goal
25,house,filler,F,75,house75.jpg,GoalB,Robert wants to draw a barn.,21;5,house75.mp4,//video.wixstatic.com/video/7cb05b_43f9d61983484192a6bb99bd0671ca6f/144p/mp4/file.mp4,//static.wixstatic.com/media/7cb05b_4ba5dd54f1a74b07b346f0cf013162d0~mv2.png,goal
26,sandwich,filler,F,25,sandwich25.jpg,GoalA,Chris wants to make a peanut butter and jelly sandwich,21;5,sandwich25.mp4,//video.wixstatic.com/video/7cb05b_4d7a0a03c1a047bb8d468c7dbb563c71/144p/mp4/file.mp4,//static.wixstatic.com/media/7cb05b_a828b9ca5fe24cc39fbfa3a65f4a1a66~mv2.png,goal
27,square,filler,F,50,square50.jpg,GoalB,Harry needs to make a circle.,21;5,square50.mp4,//video.wixstatic.com/video/7cb05b_171840eb277a4ada98d979b740149974/144p/mp4/file.mp4,//static.wixstatic.com/media/7cb05b_5101039d01494071ae4f3dea883a268b~mv2.png,goal
28,sort,filler,F,75,sort75.jpg,GoalA,Ben needs to share his toys with five friends. ,21;5,sort75.mp4,//video.wixstatic.com/video/7cb05b_a0cc744a40f145fbb6b35bec186c08af/144p/mp4/file.mp4,//static.wixstatic.com/media/7cb05b_fd988ff5f88d40989f8087f32b511142~mv2.jpg,goal
29,frog,filler,F,25,frog25.jpg,GoalB,The frog is turning back and forth.,21;5,frog25.mp4,//video.wixstatic.com/video/7cb05b_5fcc35c40aae45439c79d6a097f96fae/144p/mp4/file.mp4,//static.wixstatic.com/media/7cb05b_4ba5dd54f1a74b07b346f0cf013162d0~mv2.png,goal
1,vase,critical,G,25,vase25.jpg,none, ,21;5,vase25.mp4,//video.wixstatic.com/video/7cb05b_9599739960c14947a96d025f7919876b/144p/mp4/file.mp4,//static.wixstatic.com/media/7cb05b_fd988ff5f88d40989f8087f32b511142~mv2.jpg,nogoal
2,door,critical,G,50,door50.jpg,none, ,21;5,door50.mp4,//video.wixstatic.com/video/7cb05b_dcd8f00777a24faa984bd3d63a0e3212/360p/mp4/file.mp4,//static.wixstatic.com/media/7cb05b_4ba5dd54f1a74b07b346f0cf013162d0~mv2.png,nogoal
3,clean,critical,G,75,clean75.jpg,none, ,21;5,clean75.mp4,//video.wixstatic.com/video/7cb05b_c1ba5b27a9ea462cb210e27f7a145c7e/144p/mp4/file.mp4,//static.wixstatic.com/media/7cb05b_a828b9ca5fe24cc39fbfa3a65f4a1a66~mv2.png,nogoal
4,candy,critical,G,25,candy25.jpg,none, ,21;5,candy25.mp4,//video.wixstatic.com/video/7cb05b_b50614592c1547629d54eeeda550adae/144p/mp4/file.mp4,//static.wixstatic.com/media/7cb05b_5101039d01494071ae4f3dea883a268b~mv2.png,nogoal
5,book,critical,G,50,book50.jpg,none, ,21;5,book50.mp4,//video.wixstatic.com/video/7cb05b_9ca6619cfd454522accc8f2494873528/144p/mp4/file.mp4,//static.wixstatic.com/media/7cb05b_fd988ff5f88d40989f8087f32b511142~mv2.jpg,nogoal
6,flower,critical,G,75,flower75.jpg,none, ,21;5,flower75.mp4,//video.wixstatic.com/video/7cb05b_95f777d6ed604ed8b1dd1ef38dc6cc94/144p/mp4/file.mp4,//static.wixstatic.com/media/7cb05b_4ba5dd54f1a74b07b346f0cf013162d0~mv2.png,nogoal
7,stack,critical,G,25,stack25.jpg,none, ,21;5,stack25.mp4,//video.wixstatic.com/video/7cb05b_8008e8bdf8b546e3b93d673605c8c4c7/144p/mp4/file.mp4,//static.wixstatic.com/media/7cb05b_a828b9ca5fe24cc39fbfa3a65f4a1a66~mv2.png,nogoal
8,cucumber,critical,G,50,cucumber51.jpg,none, ,33;3,cucumber50.mp4,//video.wixstatic.com/video/7cb05b_c22f614071f64858a24d200d324da418/144p/mp4/file.mp4,//static.wixstatic.com/media/7cb05b_5101039d01494071ae4f3dea883a268b~mv2.png,nogoal
9,cake,critical,G,75,cake75.jpg,none, ,33;3,cake75.mp4,//video.wixstatic.com/video/7cb05b_b36236eeceab45f694181c7c82858606/144p/mp4/file.mp4,//static.wixstatic.com/media/7cb05b_fd988ff5f88d40989f8087f32b511142~mv2.jpg,nogoal
10,train,critical,G,25,train25.jpg,none, ,21;5,train25.mp4,//video.wixstatic.com/video/7cb05b_8e58129c115249828969656ee129229b/144p/mp4/file.mp4,//static.wixstatic.com/media/7cb05b_4ba5dd54f1a74b07b346f0cf013162d0~mv2.png,nogoal
11,beads,critical,G,50,beads50.jpg,none, ,21;5,beads50.mp4,//video.wixstatic.com/video/7cb05b_dad057b735a0434f8a5837608d065948/144p/mp4/file.mp4,//static.wixstatic.com/media/7cb05b_a828b9ca5fe24cc39fbfa3a65f4a1a66~mv2.png,nogoal
12,erase,critical,G,75,erase75.jpg,none, ,33;3,erase75.mp4,//video.wixstatic.com/video/7cb05b_b7dbef34cead419e84f81383ea185755/144p/mp4/file.mp4,//static.wixstatic.com/media/7cb05b_5101039d01494071ae4f3dea883a268b~mv2.png,nogoal
13,mix,critical,G,25,mix25.jpg,none, ,21;5,mix25.mp4,//video.wixstatic.com/video/7cb05b_df4080d23cf1455c83afba4febf55e01/144p/mp4/file.mp4,//static.wixstatic.com/media/7cb05b_fd988ff5f88d40989f8087f32b511142~mv2.jpg,nogoal
14,cover,critical,G,50,cover51.jpg,none, ,33;3,cover50.mp4,//video.wixstatic.com/video/7cb05b_1ad91a726f3441f7b0f49c49d4413cbc/144p/mp4/file.mp4,//static.wixstatic.com/media/7cb05b_4ba5dd54f1a74b07b346f0cf013162d0~mv2.png,nogoal
15,zip,critical,G,75,zip75.jpg,none, ,21;5,zip75.mp4,//video.wixstatic.com/video/7cb05b_d39ac9b71dda43f185556441a69478dc/144p/mp4/file.mp4,//static.wixstatic.com/media/7cb05b_a828b9ca5fe24cc39fbfa3a65f4a1a66~mv2.png,nogoal
16,blinds,critical,G,25,blinds24.jpg,none, ,33;3,blinds25.mp4,//video.wixstatic.com/video/7cb05b_b93255746a134a00b376c63819b666f9/144p/mp4/file.mp4,//static.wixstatic.com/media/7cb05b_5101039d01494071ae4f3dea883a268b~mv2.png,nogoal
17,roll,critical,G,50,roll50.jpg,none, ,21;5,roll50.mp4,//video.wixstatic.com/video/7cb05b_1bce08b4590b4220a55345806c13dcf8/360p/mp4/file.mp4,//static.wixstatic.com/media/7cb05b_fd988ff5f88d40989f8087f32b511142~mv2.jpg,nogoal
18,ball,critical,G,75,ball75.jpg,none, ,21;5,ball75.mp4,//video.wixstatic.com/video/7cb05b_48bac5b998dd4e9ebf4f4ca9e463b61f/144p/mp4/file.mp4,//static.wixstatic.com/media/7cb05b_4ba5dd54f1a74b07b346f0cf013162d0~mv2.png,nogoal
19,cup,filler,G,25,cup25.jpg,none, ,21;5,cup25.mp4,//video.wixstatic.com/video/7cb05b_93f96d3577194ada8f966b65a511ba6e/144p/mp4/file.mp4,//static.wixstatic.com/media/7cb05b_a828b9ca5fe24cc39fbfa3a65f4a1a66~mv2.png,nogoal
20,cat,filler,G,50,cat50.jpg,none, ,21;5,cat50.mp4,//video.wixstatic.com/video/7cb05b_f64416f16b294d35b34b492c0dc6422f/144p/mp4/file.mp4,//static.wixstatic.com/media/7cb05b_5101039d01494071ae4f3dea883a268b~mv2.png,nogoal
21,visit,filler,G,75,visit75.jpg,none, ,21;5,visit75.mp4,//video.wixstatic.com/video/7cb05b_653ce6d3890c41b780dc5ddb6f0057ff/144p/mp4/file.mp4,//static.wixstatic.com/media/7cb05b_fd988ff5f88d40989f8087f32b511142~mv2.jpg,nogoal
22,wall,filler,G,25,wall25.jpg,none, ,21;5,wall25.mp4,//video.wixstatic.com/video/7cb05b_9e0b904ee8f6483fb00cf202e1d51717/144p/mp4/file.mp4,//static.wixstatic.com/media/7cb05b_4ba5dd54f1a74b07b346f0cf013162d0~mv2.png,nogoal
23,color,filler,G,50,color50.jpg,none, ,21;5,color50.mp4,//video.wixstatic.com/video/7cb05b_731d5e043d084e6fbdca255e5ecfa264/144p/mp4/file.mp4,//static.wixstatic.com/media/7cb05b_a828b9ca5fe24cc39fbfa3a65f4a1a66~mv2.png,nogoal
24,match,filler,G,75,match75.jpg,none, ,21;5,match75.mp4,//video.wixstatic.com/video/7cb05b_01f2598378a54c6696ad55df44a6cc1e/144p/mp4/file.mp4,//static.wixstatic.com/media/7cb05b_5101039d01494071ae4f3dea883a268b~mv2.png,nogoal
25,house,filler,G,25,house25.jpg,none, ,21;5,house25.mp4,//video.wixstatic.com/video/7cb05b_1f5436e836a542fe878e14e056bb739c/144p/mp4/file.mp4,//static.wixstatic.com/media/7cb05b_fd988ff5f88d40989f8087f32b511142~mv2.jpg,nogoal
26,sandwich,filler,G,50,sandwich50.jpg,none, ,21;5,sandwich50.mp4,//video.wixstatic.com/video/7cb05b_c0ae772e0c834bd5a302ea540841c143/144p/mp4/file.mp4,//static.wixstatic.com/media/7cb05b_4ba5dd54f1a74b07b346f0cf013162d0~mv2.png,nogoal
27,square,filler,G,75,square75.jpg,none, ,21;5,square75.mp4,//video.wixstatic.com/video/7cb05b_41aae65ca27d43c3a89b5e46732d18ff/144p/mp4/file.mp4,//static.wixstatic.com/media/7cb05b_a828b9ca5fe24cc39fbfa3a65f4a1a66~mv2.png,nogoal
28,sort,filler,G,25,sort25.jpg,none, ,21;5,sort25.mp4,//video.wixstatic.com/video/7cb05b_24da2beb17994d4488f51c8cadf17aa9/144p/mp4/file.mp4,//static.wixstatic.com/media/7cb05b_5101039d01494071ae4f3dea883a268b~mv2.png,nogoal
29,frog,filler,G,50,frog50.jpg,none, ,21;5,frog50.mp4,//video.wixstatic.com/video/7cb05b_f3331a7c835f41e29552793a56f8f187/144p/mp4/file.mp4,//static.wixstatic.com/media/7cb05b_fd988ff5f88d40989f8087f32b511142~mv2.jpg,nogoal
1,vase,critical,H,50,vase50.jpg,none, ,21;5,vase50.mp4,//video.wixstatic.com/video/7cb05b_908b4414a4764164ad9b500dd42bc4b5/144p/mp4/file.mp4,//static.wixstatic.com/media/7cb05b_4ba5dd54f1a74b07b346f0cf013162d0~mv2.png,nogoal
2,door,critical,H,75,door75.jpg,none, ,21;5,door75.mp4,//video.wixstatic.com/video/7cb05b_57ef05e7baa246799eef6f6df01d006f/360p/mp4/file.mp4,//static.wixstatic.com/media/7cb05b_a828b9ca5fe24cc39fbfa3a65f4a1a66~mv2.png,nogoal
3,clean,critical,H,25,clean25.jpg,none, ,21;5,clean25.mp4,//video.wixstatic.com/video/7cb05b_c19ac3a6f09242d18b2686cb97ced1ad/144p/mp4/file.mp4,//static.wixstatic.com/media/7cb05b_5101039d01494071ae4f3dea883a268b~mv2.png,nogoal
4,candy,critical,H,50,candy50.jpg,none, ,21;5,candy50.mp4,//video.wixstatic.com/video/7cb05b_a61200eb764d47e397f1ae8e36dc13e1/144p/mp4/file.mp4,//static.wixstatic.com/media/7cb05b_fd988ff5f88d40989f8087f32b511142~mv2.jpg,nogoal
5,book,critical,H,75,book75.jpg,none, ,21;5,book75.mp4,//video.wixstatic.com/video/7cb05b_0d6c242c9fef44f283affe86c1a4e791/144p/mp4/file.mp4,//static.wixstatic.com/media/7cb05b_4ba5dd54f1a74b07b346f0cf013162d0~mv2.png,nogoal
6,flower,critical,H,25,flower25.jpg,none, ,21;5,flower25.mp4,//video.wixstatic.com/video/7cb05b_6dcbf29e9032420083427c103ba25246/144p/mp4/file.mp4,//static.wixstatic.com/media/7cb05b_a828b9ca5fe24cc39fbfa3a65f4a1a66~mv2.png,nogoal
7,stack,critical,H,50,stack50.jpg,none, ,21;5,stack50.mp4,//video.wixstatic.com/video/7cb05b_700fb1d347fe42138db01f6aeef1d2e2/144p/mp4/file.mp4,//static.wixstatic.com/media/7cb05b_5101039d01494071ae4f3dea883a268b~mv2.png,nogoal
8,cucumber,critical,H,75,cucumber75.jpg,none, ,33;3,cucumber75.mp4,//video.wixstatic.com/video/7cb05b_4d406953a8bc44079ad98b394076ece4/144p/mp4/file.mp4,//static.wixstatic.com/media/7cb05b_fd988ff5f88d40989f8087f32b511142~mv2.jpg,nogoal
9,cake,critical,H,25,cake24.jpg,none, ,33;3,cake25.mp4,//video.wixstatic.com/video/7cb05b_594d6d1ccc294636b8074f601d9132f8/144p/mp4/file.mp4,//static.wixstatic.com/media/7cb05b_4ba5dd54f1a74b07b346f0cf013162d0~mv2.png,nogoal
10,train,critical,H,50,train50.jpg,none, ,21;5,train50.mp4,//video.wixstatic.com/video/7cb05b_d48edcecf8b14584a9cb0afa30ee3009/144p/mp4/file.mp4,//static.wixstatic.com/media/7cb05b_a828b9ca5fe24cc39fbfa3a65f4a1a66~mv2.png,nogoal
11,beads,critical,H,75,beads75.jpg,none, ,21;5,beads75.mp4,//video.wixstatic.com/video/7cb05b_2d07204f9f1e45b0ad41e9ade1a6bd9f/144p/mp4/file.mp4,//static.wixstatic.com/media/7cb05b_5101039d01494071ae4f3dea883a268b~mv2.png,nogoal
12,erase,critical,H,25,erase24.jpg,none, ,33;3,erase25.mp4,//video.wixstatic.com/video/7cb05b_15117c5f59ab40f9a261538bd37ff49e/144p/mp4/file.mp4,//static.wixstatic.com/media/7cb05b_fd988ff5f88d40989f8087f32b511142~mv2.jpg,nogoal
13,mix,critical,H,50,mix50.jpg,none, ,21;5,mix50.mp4,//video.wixstatic.com/video/7cb05b_b83b321fb4c548678a8493b1fd6cff8a/144p/mp4/file.mp4,//static.wixstatic.com/media/7cb05b_4ba5dd54f1a74b07b346f0cf013162d0~mv2.png,nogoal
14,cover,critical,H,75,cover75.jpg,none, ,33;3,cover75.mp4,//video.wixstatic.com/video/7cb05b_d929ed16d87b4cebb1fc277b75f22718/144p/mp4/file.mp4,//static.wixstatic.com/media/7cb05b_a828b9ca5fe24cc39fbfa3a65f4a1a66~mv2.png,nogoal
15,zip,critical,H,25,zip25.jpg,none, ,21;5,zip25.mp4,//video.wixstatic.com/video/7cb05b_80e553d605d44c5cab5181cdf2c1ef0a/144p/mp4/file.mp4,//static.wixstatic.com/media/7cb05b_5101039d01494071ae4f3dea883a268b~mv2.png,nogoal
16,blinds,critical,H,50,blinds51.jpg,none, ,33;3,blinds50.mp4,//video.wixstatic.com/video/7cb05b_db81dc3a228440ef8f09038c11127c20/144p/mp4/file.mp4,//static.wixstatic.com/media/7cb05b_fd988ff5f88d40989f8087f32b511142~mv2.jpg,nogoal
17,roll,critical,H,75,roll75.jpg,none, ,21;5,roll75.mp4,//video.wixstatic.com/video/7cb05b_7edd1bd6cb664f45a39dcd182b91cada/360p/mp4/file.mp4,//static.wixstatic.com/media/7cb05b_4ba5dd54f1a74b07b346f0cf013162d0~mv2.png,nogoal
18,ball,critical,H,25,ball25.jpg,none, ,21;5,ball25.mp4,//video.wixstatic.com/video/7cb05b_6d67390e18ba42818cfe1c88b3f86c35/144p/mp4/file.mp4,//static.wixstatic.com/media/7cb05b_a828b9ca5fe24cc39fbfa3a65f4a1a66~mv2.png,nogoal
19,cup,filler,H,50,cup50.jpg,none, ,21;5,cup50.mp4,//video.wixstatic.com/video/7cb05b_68101cdc682943a4926f6670401fdcb5/144p/mp4/file.mp4,//static.wixstatic.com/media/7cb05b_5101039d01494071ae4f3dea883a268b~mv2.png,nogoal
20,cat,filler,H,75,cat75.jpg,none, ,21;5,cat75.mp4,//video.wixstatic.com/video/7cb05b_1e19528511b44d299f6d5885e280e261/144p/mp4/file.mp4,//static.wixstatic.com/media/7cb05b_fd988ff5f88d40989f8087f32b511142~mv2.jpg,nogoal
21,visit,filler,H,25,visit25.jpg,none, ,21;5,visit25.mp4,//video.wixstatic.com/video/7cb05b_5848049a9f05499283c264d6e218a73f/144p/mp4/file.mp4,//static.wixstatic.com/media/7cb05b_4ba5dd54f1a74b07b346f0cf013162d0~mv2.png,nogoal
22,wall,filler,H,50,wall50.jpg,none, ,21;5,wall50.mp4,//video.wixstatic.com/video/7cb05b_afbe2922111e4be5b386f1d79c1c48e9/144p/mp4/file.mp4,//static.wixstatic.com/media/7cb05b_a828b9ca5fe24cc39fbfa3a65f4a1a66~mv2.png,nogoal
23,color,filler,H,75,color75.jpg,none, ,21;5,color75.mp4,//video.wixstatic.com/video/7cb05b_c858fc6e00d845f8a927e24b58124d0f/144p/mp4/file.mp4,//static.wixstatic.com/media/7cb05b_5101039d01494071ae4f3dea883a268b~mv2.png,nogoal
24,match,filler,H,25,match25.jpg,none, ,21;5,match25.mp4,//video.wixstatic.com/video/7cb05b_45f40e387ecb4f8f86ea7ba78243c537/144p/mp4/file.mp4,//static.wixstatic.com/media/7cb05b_fd988ff5f88d40989f8087f32b511142~mv2.jpg,nogoal
25,house,filler,H,50,house50.jpg,none, ,21;5,house50.mp4,//video.wixstatic.com/video/7cb05b_f3fab983f2d94478a4207da6963bd19f/144p/mp4/file.mp4,//static.wixstatic.com/media/7cb05b_4ba5dd54f1a74b07b346f0cf013162d0~mv2.png,nogoal
26,sandwich,filler,H,75,sandwich75.jpg,none, ,21;5,sandwich75.mp4,//video.wixstatic.com/video/7cb05b_bfbe935a75f940cf91f125e0443ac369/144p/mp4/file.mp4,//static.wixstatic.com/media/7cb05b_a828b9ca5fe24cc39fbfa3a65f4a1a66~mv2.png,nogoal
27,square,filler,H,25,square25.jpg,none, ,21;5,square25.mp4,//video.wixstatic.com/video/7cb05b_7d016bdcb2fc4c0e9f9b8199c36c44b8/144p/mp4/file.mp4,//static.wixstatic.com/media/7cb05b_5101039d01494071ae4f3dea883a268b~mv2.png,nogoal
28,sort,filler,H,50,sort50.jpg,none, ,21;5,sort50.mp4,//video.wixstatic.com/video/7cb05b_9dcdbf4445e94f7aa6d2c0fc099bb7fc/144p/mp4/file.mp4,//static.wixstatic.com/media/7cb05b_fd988ff5f88d40989f8087f32b511142~mv2.jpg,nogoal
29,frog,filler,H,75,frog75.jpg,none, ,21;5,frog75.mp4,//video.wixstatic.com/video/7cb05b_c9faf7a6b0cd45cea005a769ac6bfe23/144p/mp4/file.mp4,//static.wixstatic.com/media/7cb05b_4ba5dd54f1a74b07b346f0cf013162d0~mv2.png,nogoal
1,vase,critical,I,75,vase75.jpg,none, ,21;5,vase75.mp4,//video.wixstatic.com/video/7cb05b_be0dad884d5a445ea6b4e0dfcca0b1b4/144p/mp4/file.mp4,//static.wixstatic.com/media/7cb05b_a828b9ca5fe24cc39fbfa3a65f4a1a66~mv2.png,nogoal
2,door,critical,I,25,door25.jpg,none, ,21;5,door25.mp4,//video.wixstatic.com/video/7cb05b_7b53f32ef7db4fe19aefbb0e96a4af25/360p/mp4/file.mp4,//static.wixstatic.com/media/7cb05b_5101039d01494071ae4f3dea883a268b~mv2.png,nogoal
3,clean,critical,I,50,clean50.jpg,none, ,21;5,clean50.mp4,//video.wixstatic.com/video/7cb05b_7914249eff6f404484e7965f8e0d44d7/144p/mp4/file.mp4,//static.wixstatic.com/media/7cb05b_fd988ff5f88d40989f8087f32b511142~mv2.jpg,nogoal
4,candy,critical,I,75,candy75.jpg,none, ,21;5,candy75.mp4,//video.wixstatic.com/video/7cb05b_ca7998f8527b45fda918748485b00d23/144p/mp4/file.mp4,//static.wixstatic.com/media/7cb05b_4ba5dd54f1a74b07b346f0cf013162d0~mv2.png,nogoal
5,book,critical,I,25,book25.jpg,none, ,21;5,book25.mp4,//video.wixstatic.com/video/7cb05b_fb852d94ebfb40c1878f0b9a9820478c/144p/mp4/file.mp4,//static.wixstatic.com/media/7cb05b_a828b9ca5fe24cc39fbfa3a65f4a1a66~mv2.png,nogoal
6,flower,critical,I,50,flower50.jpg,none, ,21;5,flower50.mp4,//video.wixstatic.com/video/7cb05b_be36d330fe0f4e3c80f99a141de080f3/144p/mp4/file.mp4,//static.wixstatic.com/media/7cb05b_5101039d01494071ae4f3dea883a268b~mv2.png,nogoal
7,stack,critical,I,75,stack75.jpg,none, ,21;5,stack75.mp4,//video.wixstatic.com/video/7cb05b_4a3fbaa34e774205af0edfb6da7ee00c/144p/mp4/file.mp4,//static.wixstatic.com/media/7cb05b_fd988ff5f88d40989f8087f32b511142~mv2.jpg,nogoal
8,cucumber,critical,I,25,cucumber24.jpg,none, ,33;3,cucumber25.mp4,//video.wixstatic.com/video/7cb05b_e7c5ab8e2e5544369d41eda77899d42c/144p/mp4/file.mp4,//static.wixstatic.com/media/7cb05b_4ba5dd54f1a74b07b346f0cf013162d0~mv2.png,nogoal
9,cake,critical,I,50,cake51.jpg,none, ,33;3,cake50.mp4,//video.wixstatic.com/video/7cb05b_573c2d02dbc14780855d2f02d2dd1349/144p/mp4/file.mp4,//static.wixstatic.com/media/7cb05b_a828b9ca5fe24cc39fbfa3a65f4a1a66~mv2.png,nogoal
10,train,critical,I,75,train75.jpg,none, ,21;5,train75.mp4,//video.wixstatic.com/video/7cb05b_3423b7c86d15486cadc150c1e138c4e9/144p/mp4/file.mp4,//static.wixstatic.com/media/7cb05b_5101039d01494071ae4f3dea883a268b~mv2.png,nogoal
11,beads,critical,I,25,beads25.jpg,none, ,21;5,beads25.mp4,//video.wixstatic.com/video/7cb05b_3f21f7fd02324632aee364065cd83304/144p/mp4/file.mp4,//static.wixstatic.com/media/7cb05b_fd988ff5f88d40989f8087f32b511142~mv2.jpg,nogoal
12,erase,critical,I,50,erase51.jpg,none, ,33;3,erase50.mp4,//video.wixstatic.com/video/7cb05b_5afcc17f51094530ab7021c2789e8793/144p/mp4/file.mp4,//static.wixstatic.com/media/7cb05b_4ba5dd54f1a74b07b346f0cf013162d0~mv2.png,nogoal
13,mix,critical,I,75,mix75.jpg,none, ,21;5,mix75.mp4,//video.wixstatic.com/video/7cb05b_bc43fcea59df460f90150448f82a6221/144p/mp4/file.mp4,//static.wixstatic.com/media/7cb05b_a828b9ca5fe24cc39fbfa3a65f4a1a66~mv2.png,nogoal
14,cover,critical,I,25,cover24.jpg,none, ,33;3,cover25.mp4,//video.wixstatic.com/video/7cb05b_797a1a9c2afb4fb6ba509d896790fa04/144p/mp4/file.mp4,//static.wixstatic.com/media/7cb05b_5101039d01494071ae4f3dea883a268b~mv2.png,nogoal
15,zip,critical,I,50,zip50.jpg,none, ,21;5,zip50.mp4,//video.wixstatic.com/video/7cb05b_c1960ba91da64ef6a064bdb258d8ff22/144p/mp4/file.mp4,//static.wixstatic.com/media/7cb05b_fd988ff5f88d40989f8087f32b511142~mv2.jpg,nogoal
16,blinds,critical,I,75,blinds75.jpg,none, ,33;3,blinds75.mp4,//video.wixstatic.com/video/7cb05b_e31fe48fdd6d44a08a6c0e440e9238e9/144p/mp4/file.mp4,//static.wixstatic.com/media/7cb05b_4ba5dd54f1a74b07b346f0cf013162d0~mv2.png,nogoal
17,roll,critical,I,25,roll25.jpg,none, ,21;5,roll25.mp4,//video.wixstatic.com/video/7cb05b_d8846699a38440a086c65575cab72415/360p/mp4/file.mp4,//static.wixstatic.com/media/7cb05b_a828b9ca5fe24cc39fbfa3a65f4a1a66~mv2.png,nogoal
18,ball,critical,I,50,ball50.jpg,none, ,21;5,ball50.mp4,//video.wixstatic.com/video/7cb05b_69b3c7fd71884a5cb8b5ade74713ab6c/144p/mp4/file.mp4,//static.wixstatic.com/media/7cb05b_5101039d01494071ae4f3dea883a268b~mv2.png,nogoal
19,cup,filler,I,75,cup75.jpg,none, ,21;5,cup75.mp4,//video.wixstatic.com/video/7cb05b_54fd8f0da5f447a280690aa5fdfbbf36/144p/mp4/file.mp4,//static.wixstatic.com/media/7cb05b_fd988ff5f88d40989f8087f32b511142~mv2.jpg,nogoal
20,cat,filler,I,25,cat25.jpg,none, ,21;5,cat25.mp4,//video.wixstatic.com/video/7cb05b_4e5f4a6e505442288edd719424e2e074/144p/mp4/file.mp4,//static.wixstatic.com/media/7cb05b_4ba5dd54f1a74b07b346f0cf013162d0~mv2.png,nogoal
21,visit,filler,I,50,visit50.jpg,none, ,21;5,visit50.mp4,//video.wixstatic.com/video/7cb05b_70e5f30c0a644c55971f0e2e11496b48/144p/mp4/file.mp4,//static.wixstatic.com/media/7cb05b_a828b9ca5fe24cc39fbfa3a65f4a1a66~mv2.png,nogoal
22,wall,filler,I,75,wall75.jpg,none, ,21;5,wall75.mp4,//video.wixstatic.com/video/7cb05b_02b3fa5f80da48a1b044c7e2ecff91bf/144p/mp4/file.mp4,//static.wixstatic.com/media/7cb05b_5101039d01494071ae4f3dea883a268b~mv2.png,nogoal
23,color,filler,I,25,color25.jpg,none, ,21;5,color25.mp4,//video.wixstatic.com/video/7cb05b_7f9bc83ad5974a06b394329a89a6d394/144p/mp4/file.mp4,//static.wixstatic.com/media/7cb05b_fd988ff5f88d40989f8087f32b511142~mv2.jpg,nogoal
24,match,filler,I,50,match50.jpg,none, ,21;5,match50.mp4,//video.wixstatic.com/video/7cb05b_2a1b3b5ba7b443c796592d89b75d0376/144p/mp4/file.mp4,//static.wixstatic.com/media/7cb05b_4ba5dd54f1a74b07b346f0cf013162d0~mv2.png,nogoal
25,house,filler,I,75,house75.jpg,none, ,21;5,house75.mp4,//video.wixstatic.com/video/7cb05b_43f9d61983484192a6bb99bd0671ca6f/144p/mp4/file.mp4,//static.wixstatic.com/media/7cb05b_a828b9ca5fe24cc39fbfa3a65f4a1a66~mv2.png,nogoal
26,sandwich,filler,I,25,sandwich25.jpg,none, ,21;5,sandwich25.mp4,//video.wixstatic.com/video/7cb05b_4d7a0a03c1a047bb8d468c7dbb563c71/144p/mp4/file.mp4,//static.wixstatic.com/media/7cb05b_5101039d01494071ae4f3dea883a268b~mv2.png,nogoal
27,square,filler,I,50,square50.jpg,none, ,21;5,square50.mp4,//video.wixstatic.com/video/7cb05b_171840eb277a4ada98d979b740149974/144p/mp4/file.mp4,//static.wixstatic.com/media/7cb05b_fd988ff5f88d40989f8087f32b511142~mv2.jpg,nogoal
28,sort,filler,I,75,sort75.jpg,none, ,21;5,sort75.mp4,//video.wixstatic.com/video/7cb05b_a0cc744a40f145fbb6b35bec186c08af/144p/mp4/file.mp4,//static.wixstatic.com/media/7cb05b_4ba5dd54f1a74b07b346f0cf013162d0~mv2.png,nogoal
29,frog,filler,I,25,frog25.jpg,none, ,21;5,frog25.mp4,//video.wixstatic.com/video/7cb05b_5fcc35c40aae45439c79d6a097f96fae/144p/mp4/file.mp4,//static.wixstatic.com/media/7cb05b_a828b9ca5fe24cc39fbfa3a65f4a1a66~mv2.png,nogoal
